matchDate,symbol,matchPri,matchQty,tolMatchQty,matchTime,bidPri1,bidPri2,bidPri3,bidPri4,bidPri5,bidQty1,bidQty2,bidQty3,bidQty4,bidQty5,askPri1,askPri2,askPri3,askPri4,askPri5,askQty1,askQty2,askQty3,askQty4,askQty5,openPri,highPri,lowPri,refPri,upPri,dnPri,label
20230309,2377,139.5,24,24,90014616,139.0,138.5,138.0,137.5,137.0,29,32,42,36,49,140.0,140.5,141.0,141.5,142.0,10,16,42,35,62,139.5,139.5,139.5,139.5,153,126,0.0
20230309,2377,139.0,1,25,90014685,139.0,138.5,138.0,137.5,137.0,34,32,46,36,46,139.5,140.0,140.5,141.0,141.5,6,11,21,48,35,139.5,139.5,139.0,139.5,153,126,1.0
20230309,2377,139.5,1,26,90016786,139.0,138.5,138.0,137.5,137.0,34,32,48,38,46,139.5,140.0,140.5,141.0,141.5,5,13,21,48,33,139.5,139.5,139.0,139.5,153,126,2.0
20230309,2377,139.5,4,30,90016855,139.0,138.5,138.0,137.5,137.0,33,32,48,56,47,139.5,140.0,140.5,141.0,141.5,14,11,21,54,34,139.5,139.5,139.0,139.5,153,126,2.0
20230309,2377,139.5,2,32,90028799,139.0,138.5,138.0,137.5,137.0,39,32,48,56,47,139.5,140.0,140.5,141.0,141.5,12,11,21,54,34,139.5,139.5,139.0,139.5,153,126,2.0
20230309,2377,139.5,1,33,90028809,139.0,138.5,138.0,137.5,137.0,40,39,48,56,47,139.5,140.0,140.5,141.0,141.5,9,13,21,54,34,139.5,139.5,139.0,139.5,153,126,2.0
20230309,2377,139.5,1,34,90028887,139.0,138.5,138.0,137.5,137.0,40,39,48,56,47,139.5,140.0,140.5,141.0,141.5,8,14,21,54,34,139.5,139.5,139.0,139.5,153,126,2.0
20230309,2377,139.5,1,35,90029017,139.5,139.0,138.5,138.0,137.5,2,43,39,48,59,140.0,140.5,141.0,141.5,142.0,17,21,48,42,62,139.5,139.5,139.0,139.5,153,126,2.0
20230309,2377,139.5,2,37,90045716,139.5,139.0,138.5,138.0,137.5,1,43,39,48,59,140.0,140.5,141.0,141.5,142.0,32,21,48,46,62,139.5,139.5,139.0,139.5,153,126,1.0
20230309,2377,140.0,1,38,90046510,139.5,139.0,138.5,138.0,137.5,1,43,40,48,59,140.0,140.5,141.0,141.5,142.0,31,21,48,46,62,139.5,140.0,139.0,139.5,153,126,0.0
20230309,2377,139.5,1,39,90046537,139.5,139.0,138.5,138.0,137.5,1,42,41,49,59,140.0,140.5,141.0,141.5,142.0,31,21,48,46,62,139.5,140.0,139.0,139.5,153,126,2.0
20230309,2377,139.5,1,40,90050230,139.5,139.0,138.5,138.0,137.5,1,42,41,49,59,140.0,140.5,141.0,141.5,142.0,34,21,48,42,62,139.5,140.0,139.0,139.5,153,126,2.0
20230309,2377,139.5,1,41,90050326,139.0,138.5,138.0,137.5,137.0,40,41,50,57,54,139.5,140.0,140.5,141.0,141.5,11,18,21,53,40,139.5,140.0,139.0,139.5,153,126,2.0
20230309,2377,139.5,2,43,90100096,139.0,138.5,138.0,137.5,137.0,40,42,50,57,54,139.5,140.0,140.5,141.0,141.5,8,18,21,53,40,139.5,140.0,139.0,139.5,153,126,2.0
20230309,2377,139.5,1,44,90111960,139.0,138.5,138.0,137.5,137.0,40,42,50,57,54,139.5,140.0,140.5,141.0,141.5,7,18,21,53,40,139.5,140.0,139.0,139.5,153,126,2.0
20230309,2377,139.5,1,45,90112028,139.0,138.5,138.0,137.5,137.0,42,42,50,57,54,139.5,140.0,140.5,141.0,141.5,7,17,21,53,40,139.5,140.0,139.0,139.5,153,126,2.0
20230309,2377,139.5,1,46,90112774,139.0,138.5,138.0,137.5,137.0,42,42,50,57,54,139.5,140.0,140.5,141.0,141.5,6,17,21,53,40,139.5,140.0,139.0,139.5,153,126,2.0
20230309,2377,139.5,1,47,90112780,139.0,138.5,138.0,137.5,137.0,41,42,51,57,54,139.5,140.0,140.5,141.0,141.5,5,17,21,53,40,139.5,140.0,139.0,139.5,153,126,2.0
20230309,2377,139.5,1,48,90112858,139.0,138.5,138.0,137.5,137.0,43,43,53,59,55,139.5,140.0,140.5,141.0,141.5,5,17,21,53,40,139.5,140.0,139.0,139.5,153,126,2.0
20230309,2377,139.5,3,51,90119072,139.0,138.5,138.0,137.5,137.0,43,43,53,59,55,139.5,140.0,140.5,141.0,141.5,2,17,21,53,40,139.5,140.0,139.0,139.5,153,126,2.0
20230309,2377,139.5,1,52,90119136,139.0,138.5,138.0,137.5,137.0,44,47,51,57,55,139.5,140.0,140.5,141.0,141.5,1,18,21,53,40,139.5,140.0,139.0,139.5,153,126,2.0
20230309,2377,139.5,1,53,90119872,139.0,138.5,138.0,137.5,137.0,44,47,51,61,50,140.0,140.5,141.0,141.5,142.0,19,21,53,43,62,139.5,140.0,139.0,139.5,153,126,1.0
20230309,2377,140.0,2,55,90124650,139.5,139.0,138.5,138.0,137.5,1,42,48,50,61,140.0,140.5,141.0,141.5,142.0,27,21,51,48,63,139.5,140.0,139.0,139.5,153,126,0.0
20230309,2377,139.5,1,56,90143719,139.5,139.0,138.5,138.0,137.5,16,48,51,51,46,140.0,140.5,141.0,141.5,142.0,25,21,54,49,64,139.5,140.0,139.0,139.5,153,126,2.0
20230309,2377,139.5,1,57,90212336,139.5,139.0,138.5,138.0,137.5,19,45,43,51,46,140.0,140.5,141.0,141.5,142.0,27,21,56,49,65,139.5,140.0,139.0,139.5,153,126,2.0
20230309,2377,139.5,1,58,90230146,139.5,139.0,138.5,138.0,137.5,20,44,43,52,46,140.0,140.5,141.0,141.5,142.0,28,20,56,49,64,139.5,140.0,139.0,139.5,153,126,1.0
20230309,2377,140.0,1,59,90255788,139.5,139.0,138.5,138.0,137.5,22,45,43,53,46,140.0,140.5,141.0,141.5,142.0,12,22,56,49,64,139.5,140.0,139.0,139.5,153,126,2.0
20230309,2377,140.0,1,60,90319078,139.5,139.0,138.5,138.0,137.5,22,45,43,53,46,140.0,140.5,141.0,141.5,142.0,10,22,56,49,64,139.5,140.0,139.0,139.5,153,126,2.0
20230309,2377,140.0,1,61,90319880,139.5,139.0,138.5,138.0,137.5,22,45,43,53,46,140.0,140.5,141.0,141.5,142.0,9,22,56,49,64,139.5,140.0,139.0,139.5,153,126,2.0
20230309,2377,140.0,1,62,90319886,139.5,139.0,138.5,138.0,137.5,22,47,41,53,46,140.0,140.5,141.0,141.5,142.0,8,22,56,49,64,139.5,140.0,139.0,139.5,153,126,2.0
20230309,2377,140.0,1,63,90319908,139.5,139.0,138.5,138.0,137.5,21,47,39,51,46,140.0,140.5,141.0,141.5,142.0,7,22,56,49,64,139.5,140.0,139.0,139.5,153,126,2.0
20230309,2377,140.0,2,65,90319927,139.5,139.0,138.5,138.0,137.5,40,51,42,52,49,140.0,140.5,141.0,141.5,142.0,6,23,56,49,64,139.5,140.0,139.0,139.5,153,126,2.0
20230309,2377,140.0,5,70,90341027,139.5,139.0,138.5,138.0,137.5,40,51,42,52,49,140.0,140.5,141.0,141.5,142.0,2,23,56,49,64,139.5,140.0,139.0,139.5,153,126,2.0
20230309,2377,140.0,1,71,90341837,139.5,139.0,138.5,138.0,137.5,40,51,42,52,49,140.0,140.5,141.0,141.5,142.0,2,23,56,49,64,139.5,140.0,139.0,139.5,153,126,2.0
20230309,2377,140.0,1,72,90347400,139.5,139.0,138.5,138.0,137.5,21,47,43,55,51,140.0,140.5,141.0,141.5,142.0,9,51,57,47,75,139.5,140.0,139.0,139.5,153,126,2.0
20230309,2377,140.0,5,77,90410808,139.5,139.0,138.5,138.0,137.5,22,47,43,55,51,140.0,140.5,141.0,141.5,142.0,4,52,57,47,71,139.5,140.0,139.0,139.5,153,126,2.0
20230309,2377,140.0,1,78,90411625,139.5,139.0,138.5,138.0,137.5,22,47,43,55,51,140.0,140.5,141.0,141.5,142.0,3,52,57,47,71,139.5,140.0,139.0,139.5,153,126,2.0
20230309,2377,140.0,1,79,90411628,139.5,139.0,138.5,138.0,137.5,22,49,44,57,52,140.0,140.5,141.0,141.5,142.0,8,26,57,47,74,139.5,140.0,139.0,139.5,153,126,2.0
20230309,2377,140.0,1,80,90426093,139.5,139.0,138.5,138.0,137.5,23,49,44,57,52,140.0,140.5,141.0,141.5,142.0,9,26,57,48,74,139.5,140.0,139.0,139.5,153,126,2.0
20230309,2377,140.0,5,85,90431358,139.5,139.0,138.5,138.0,137.5,24,53,42,55,52,140.0,140.5,141.0,141.5,142.0,4,26,57,48,74,139.5,140.0,139.0,139.5,153,126,2.0
20230309,2377,140.0,1,86,90432157,139.5,139.0,138.5,138.0,137.5,24,53,42,55,52,140.0,140.5,141.0,141.5,142.0,3,26,57,48,74,139.5,140.0,139.0,139.5,153,126,2.0
20230309,2377,140.0,3,89,90441965,140.0,139.5,139.0,138.5,138.0,2,24,53,40,55,140.5,141.0,141.5,142.0,142.5,27,57,43,74,36,139.5,140.0,139.0,139.5,153,126,2.0
20230309,2377,140.0,2,91,90442007,140.0,139.5,139.0,138.5,138.0,2,23,48,43,78,140.5,141.0,141.5,142.0,142.5,29,57,43,78,36,139.5,140.0,139.0,139.5,153,126,2.0
20230309,2377,140.0,1,93,90444958,139.5,139.0,138.5,138.0,137.5,37,49,43,74,34,140.0,140.5,141.0,141.5,142.0,2,30,57,49,74,139.5,140.0,139.0,139.5,153,126,2.0
20230309,2377,140.0,1,94,90454488,139.5,139.0,138.5,138.0,137.5,23,49,44,74,34,140.0,140.5,141.0,141.5,142.0,5,27,57,49,74,139.5,140.0,139.0,139.5,153,126,2.0
20230309,2377,140.0,1,95,90502374,139.5,139.0,138.5,138.0,137.5,28,49,39,74,34,140.0,140.5,141.0,141.5,142.0,7,30,57,49,71,139.5,140.0,139.0,139.5,153,126,2.0
20230309,2377,140.0,1,96,90548661,139.5,139.0,138.5,138.0,137.5,27,49,39,74,34,140.0,140.5,141.0,141.5,142.0,6,30,57,49,71,139.5,140.0,139.0,139.5,153,126,2.0
20230309,2377,140.0,2,98,90549287,139.5,139.0,138.5,138.0,137.5,27,49,39,74,34,140.0,140.5,141.0,141.5,142.0,4,30,57,49,71,139.5,140.0,139.0,139.5,153,126,2.0
20230309,2377,140.0,1,99,90550086,139.5,139.0,138.5,138.0,137.5,27,50,29,74,34,140.0,140.5,141.0,141.5,142.0,10,29,59,49,71,139.5,140.0,139.0,139.5,153,126,0.0
20230309,2377,139.5,1,100,90710435,139.5,139.0,138.5,138.0,137.5,26,50,29,74,34,140.0,140.5,141.0,141.5,142.0,9,29,59,49,71,139.5,140.0,139.0,139.5,153,126,2.0
20230309,2377,139.5,2,102,90710462,139.5,139.0,138.5,138.0,137.5,24,50,33,74,34,140.0,140.5,141.0,141.5,142.0,11,28,67,53,71,139.5,140.0,139.0,139.5,153,126,2.0
20230309,2377,139.5,24,126,90710493,139.0,138.5,138.0,137.5,137.0,51,29,78,34,91,139.5,140.0,140.5,141.0,141.5,6,15,28,67,47,139.5,140.0,139.0,139.5,153,126,2.0
20230309,2377,139.5,1,127,90710537,139.0,138.5,138.0,137.5,137.0,70,33,65,30,91,139.5,140.0,140.5,141.0,141.5,5,20,28,72,40,139.5,140.0,139.0,139.5,153,126,0.0
20230309,2377,139.0,1,128,90710766,139.0,138.5,138.0,137.5,137.0,69,29,69,30,91,139.5,140.0,140.5,141.0,141.5,8,17,28,76,36,139.5,140.0,139.0,139.5,153,126,1.0
20230309,2377,139.5,1,129,90711222,139.0,138.5,138.0,137.5,137.0,33,44,77,49,93,139.5,140.0,140.5,141.0,141.5,23,17,44,69,42,139.5,140.0,139.0,139.5,153,126,0.0
20230309,2377,139.0,1,130,90922206,139.0,138.5,138.0,137.5,137.0,39,46,76,51,94,139.5,140.0,140.5,141.0,141.5,25,23,35,82,43,139.5,140.0,139.0,139.5,153,126,1.0
20230309,2377,139.5,1,131,91102978,139.0,138.5,138.0,137.5,137.0,40,47,76,51,95,139.5,140.0,140.5,141.0,141.5,23,23,47,70,43,139.5,140.0,139.0,139.5,153,126,2.0
20230309,2377,139.5,1,132,91121265,139.0,138.5,138.0,137.5,137.0,60,47,76,51,95,139.5,140.0,140.5,141.0,141.5,22,23,48,70,43,139.5,140.0,139.0,139.5,153,126,2.0
20230309,2377,139.5,1,133,91122187,139.0,138.5,138.0,137.5,137.0,59,51,72,51,95,139.5,140.0,140.5,141.0,141.5,19,25,48,70,43,139.5,140.0,139.0,139.5,153,126,0.0
20230309,2377,139.0,1,134,91122274,139.0,138.5,138.0,137.5,137.0,64,58,72,49,98,139.5,140.0,140.5,141.0,141.5,22,26,37,83,43,139.5,140.0,139.0,139.5,153,126,2.0
20230309,2377,139.0,3,137,91233829,139.0,138.5,138.0,137.5,137.0,61,58,72,49,98,139.5,140.0,140.5,141.0,141.5,22,26,37,83,43,139.5,140.0,139.0,139.5,153,126,1.0
20230309,2377,139.5,1,138,91234627,139.0,138.5,138.0,137.5,137.0,61,58,72,49,98,139.5,140.0,140.5,141.0,141.5,19,26,37,83,43,139.5,140.0,139.0,139.5,153,126,2.0
20230309,2377,139.5,1,139,91234633,139.0,138.5,138.0,137.5,137.0,62,58,72,50,98,139.5,140.0,140.5,141.0,141.5,24,25,49,72,43,139.5,140.0,139.0,139.5,153,126,2.0
20230309,2377,139.5,1,140,91318335,139.0,138.5,138.0,137.5,137.0,61,58,72,50,98,139.5,140.0,140.5,141.0,141.5,23,25,49,72,43,139.5,140.0,139.0,139.5,153,126,2.0
20230309,2377,139.5,2,142,91319812,139.0,138.5,138.0,137.5,137.0,68,58,72,50,98,139.5,140.0,140.5,141.0,141.5,19,25,49,72,43,139.5,140.0,139.0,139.5,153,126,0.0
20230309,2377,139.0,1,143,91406093,139.0,138.5,138.0,137.5,137.0,67,56,74,50,98,139.5,140.0,140.5,141.0,141.5,19,25,45,76,43,139.5,140.0,139.0,139.5,153,126,1.0
20230309,2377,139.5,1,144,91406908,139.0,138.5,138.0,137.5,137.0,76,58,72,50,98,139.5,140.0,140.5,141.0,141.5,19,25,53,72,43,139.5,140.0,139.0,139.5,153,126,2.0
20230309,2377,139.5,2,146,91508252,139.0,138.5,138.0,137.5,137.0,87,65,80,50,98,139.5,140.0,140.5,141.0,141.5,19,38,51,72,43,139.5,140.0,139.0,139.5,153,126,2.0
20230309,2377,139.5,1,147,91611324,139.0,138.5,138.0,137.5,137.0,87,65,80,50,98,139.5,140.0,140.5,141.0,141.5,18,38,52,72,43,139.5,140.0,139.0,139.5,153,126,2.0
20230309,2377,139.5,17,165,91630480,139.5,139.0,138.5,138.0,137.5,33,90,61,65,54,140.0,140.5,141.0,141.5,142.0,25,56,65,50,63,139.5,140.0,139.0,139.5,153,126,1.0
20230309,2377,140.0,3,168,91631304,139.5,139.0,138.5,138.0,137.5,33,90,61,65,54,140.0,140.5,141.0,141.5,142.0,22,56,65,50,63,139.5,140.0,139.0,139.5,153,126,2.0
20230309,2377,140.0,2,170,91631309,139.5,139.0,138.5,138.0,137.5,33,90,61,65,54,140.0,140.5,141.0,141.5,142.0,20,56,65,50,63,139.5,140.0,139.0,139.5,153,126,2.0
20230309,2377,140.0,19,190,91631346,140.0,139.5,139.0,138.5,138.0,6,45,90,54,67,140.5,141.0,141.5,142.0,142.5,40,81,44,79,38,139.5,140.0,139.0,139.5,153,126,2.0
20230309,2377,140.0,5,195,91631721,140.0,139.5,139.0,138.5,138.0,5,46,90,50,67,140.5,141.0,141.5,142.0,142.5,41,81,44,79,40,139.5,140.0,139.0,139.5,153,126,1.0
20230309,2377,140.5,4,199,91632120,140.0,139.5,139.0,138.5,138.0,5,46,90,50,67,140.5,141.0,141.5,142.0,142.5,37,81,44,79,40,139.5,140.5,139.0,139.5,153,126,2.0
20230309,2377,140.5,2,201,91632126,140.0,139.5,139.0,138.5,138.0,8,47,86,70,63,140.5,141.0,141.5,142.0,142.5,36,69,56,79,40,139.5,140.5,139.0,139.5,153,126,2.0
20230309,2377,140.5,1,202,91634618,140.0,139.5,139.0,138.5,138.0,15,47,86,70,63,140.5,141.0,141.5,142.0,142.5,47,66,60,79,40,139.5,140.5,139.0,139.5,153,126,0.0
20230309,2377,140.0,15,217,91640650,139.5,139.0,138.5,138.0,137.5,39,82,76,57,36,140.0,140.5,141.0,141.5,142.0,22,49,64,54,73,139.5,140.5,139.0,139.5,153,126,0.0
20230309,2377,139.5,2,219,91640726,139.5,139.0,138.5,138.0,137.5,38,86,63,57,37,140.0,140.5,141.0,141.5,142.0,24,54,62,66,70,139.5,140.5,139.0,139.5,153,126,2.0
20230309,2377,139.5,2,221,91641120,139.5,139.0,138.5,138.0,137.5,36,84,65,57,37,140.0,140.5,141.0,141.5,142.0,24,54,62,66,70,139.5,140.5,139.0,139.5,153,126,1.0
20230309,2377,140.0,3,224,91641481,139.5,139.0,138.5,138.0,137.5,36,84,65,57,37,140.0,140.5,141.0,141.5,142.0,21,54,62,66,70,139.5,140.5,139.0,139.5,153,126,2.0
20230309,2377,140.0,1,225,91641486,139.5,139.0,138.5,138.0,137.5,36,86,63,75,37,140.0,140.5,141.0,141.5,142.0,23,51,74,54,70,139.5,140.5,139.0,139.5,153,126,2.0
20230309,2377,140.0,1,226,91642298,139.5,139.0,138.5,138.0,137.5,36,86,63,77,37,140.0,140.5,141.0,141.5,142.0,23,51,74,54,72,139.5,140.5,139.0,139.5,153,126,2.0
20230309,2377,140.0,1,227,91644572,139.5,139.0,138.5,138.0,137.5,36,86,63,77,37,140.0,140.5,141.0,141.5,142.0,7,44,73,54,72,139.5,140.5,139.0,139.5,153,126,2.0
20230309,2377,140.0,3,230,91648328,139.5,139.0,138.5,138.0,137.5,36,86,63,77,37,140.0,140.5,141.0,141.5,142.0,2,43,73,54,72,139.5,140.5,139.0,139.5,153,126,2.0
20230309,2377,140.0,1,231,91649120,139.5,139.0,138.5,138.0,137.5,36,88,63,75,37,140.0,140.5,141.0,141.5,142.0,4,72,73,54,76,139.5,140.5,139.0,139.5,153,126,2.0
20230309,2377,140.0,2,233,91653934,139.5,139.0,138.5,138.0,137.5,37,85,65,75,37,140.0,140.5,141.0,141.5,142.0,3,72,73,54,72,139.5,140.5,139.0,139.5,153,126,2.0
20230309,2377,140.0,2,235,91656645,139.5,139.0,138.5,138.0,137.5,37,85,65,75,37,140.0,140.5,141.0,141.5,142.0,2,72,73,54,72,139.5,140.5,139.0,139.5,153,126,2.0
20230309,2377,140.0,1,236,91657214,139.5,139.0,138.5,138.0,137.5,38,85,65,75,37,140.0,140.5,141.0,141.5,142.0,3,47,73,54,72,139.5,140.5,139.0,139.5,153,126,2.0
20230309,2377,140.0,1,237,91701530,139.5,139.0,138.5,138.0,137.5,44,85,65,75,37,140.0,140.5,141.0,141.5,142.0,4,46,73,54,72,139.5,140.5,139.0,139.5,153,126,2.0
20230309,2377,140.0,1,238,91702331,139.5,139.0,138.5,138.0,137.5,74,91,46,76,37,140.0,140.5,141.0,141.5,142.0,12,45,73,54,73,139.5,140.5,139.0,139.5,153,126,2.0
20230309,2377,140.0,2,240,91743593,139.5,139.0,138.5,138.0,137.5,74,91,46,76,37,140.0,140.5,141.0,141.5,142.0,12,44,73,54,73,139.5,140.5,139.0,139.5,153,126,2.0
20230309,2377,140.0,1,241,91744426,139.5,139.0,138.5,138.0,137.5,76,91,47,76,37,140.0,140.5,141.0,141.5,142.0,11,44,73,54,73,139.5,140.5,139.0,139.5,153,126,2.0
20230309,2377,140.0,1,242,91749577,139.5,139.0,138.5,138.0,137.5,83,86,47,76,37,140.0,140.5,141.0,141.5,142.0,12,46,73,54,73,139.5,140.5,139.0,139.5,153,126,2.0
20230309,2377,140.0,1,243,91755846,139.5,139.0,138.5,138.0,137.5,83,87,48,76,37,140.0,140.5,141.0,141.5,142.0,11,45,73,54,73,139.5,140.5,139.0,139.5,153,126,2.0
20230309,2377,140.0,1,244,91759696,139.5,139.0,138.5,138.0,137.5,83,87,48,76,37,140.0,140.5,141.0,141.5,142.0,11,46,72,54,78,139.5,140.5,139.0,139.5,153,126,2.0
20230309,2377,140.0,1,245,91807465,139.5,139.0,138.5,138.0,137.5,83,87,48,76,37,140.0,140.5,141.0,141.5,142.0,10,46,72,54,78,139.5,140.5,139.0,139.5,153,126,2.0
20230309,2377,140.0,1,246,91808248,139.5,139.0,138.5,138.0,137.5,78,89,48,77,39,140.0,140.5,141.0,141.5,142.0,10,45,72,54,78,139.5,140.5,139.0,139.5,153,126,2.0
20230309,2377,140.0,1,247,91840964,139.5,139.0,138.5,138.0,137.5,77,89,48,77,40,140.0,140.5,141.0,141.5,142.0,9,45,72,56,78,139.5,140.5,139.0,139.5,153,126,2.0
20230309,2377,140.0,9,256,91846468,140.0,139.5,139.0,138.5,138.0,1,70,87,44,81,140.5,141.0,141.5,142.0,142.5,50,72,50,86,40,139.5,140.5,139.0,139.5,153,126,2.0
20230309,2377,140.0,1,257,91846610,140.0,139.5,139.0,138.5,138.0,6,64,89,44,81,140.5,141.0,141.5,142.0,142.5,53,72,50,86,40,139.5,140.5,139.0,139.5,153,126,1.0
20230309,2377,140.5,1,258,91846937,140.0,139.5,139.0,138.5,138.0,6,65,89,44,81,140.5,141.0,141.5,142.0,142.5,52,60,62,86,40,139.5,140.5,139.0,139.5,153,126,2.0
20230309,2377,140.5,2,260,91847266,140.0,139.5,139.0,138.5,138.0,6,65,89,44,81,140.5,141.0,141.5,142.0,142.5,50,60,62,86,40,139.5,140.5,139.0,139.5,153,126,2.0
20230309,2377,140.5,1,261,91847270,140.0,139.5,139.0,138.5,138.0,15,60,84,41,82,140.5,141.0,141.5,142.0,142.5,61,59,61,86,42,139.5,140.5,139.0,139.5,153,126,2.0
20230309,2377,140.5,1,262,91904174,140.0,139.5,139.0,138.5,138.0,15,60,84,41,82,140.5,141.0,141.5,142.0,142.5,60,59,61,86,42,139.5,140.5,139.0,139.5,153,126,0.0
20230309,2377,140.0,6,268,91904203,140.0,139.5,139.0,138.5,138.0,9,69,76,37,82,140.5,141.0,141.5,142.0,142.5,62,59,61,86,42,139.5,140.5,139.0,139.5,153,126,2.0
20230309,2377,140.0,1,269,91928322,140.0,139.5,139.0,138.5,138.0,8,69,76,37,82,140.5,141.0,141.5,142.0,142.5,62,59,61,86,42,139.5,140.5,139.0,139.5,153,126,1.0
20230309,2377,140.5,1,270,91928721,140.0,139.5,139.0,138.5,138.0,9,69,72,41,82,140.5,141.0,141.5,142.0,142.5,61,59,61,86,42,139.5,140.5,139.0,139.5,153,126,2.0
20230309,2377,140.5,1,271,91929143,140.0,139.5,139.0,138.5,138.0,11,69,73,41,82,140.5,141.0,141.5,142.0,142.5,57,59,61,86,42,139.5,140.5,139.0,139.5,153,126,0.0
20230309,2377,140.0,1,272,91935585,140.0,139.5,139.0,138.5,138.0,12,71,81,37,82,140.5,141.0,141.5,142.0,142.5,53,66,61,86,42,139.5,140.5,139.0,139.5,153,126,1.0
20230309,2377,140.5,1,273,92017776,140.0,139.5,139.0,138.5,138.0,12,71,77,41,82,140.5,141.0,141.5,142.0,142.5,52,66,61,86,42,139.5,140.5,139.0,139.5,153,126,0.0
20230309,2377,140.0,2,275,92021417,140.0,139.5,139.0,138.5,138.0,14,70,82,37,82,140.5,141.0,141.5,142.0,142.5,59,62,61,91,43,139.5,140.5,139.0,139.5,153,126,2.0
20230309,2377,140.0,9,284,92113806,140.0,139.5,139.0,138.5,138.0,5,70,82,37,82,140.5,141.0,141.5,142.0,142.5,59,62,61,91,43,139.5,140.5,139.0,139.5,153,126,2.0
20230309,2377,140.0,5,289,92113829,140.0,139.5,139.0,138.5,138.0,1,70,82,37,82,140.5,141.0,141.5,142.0,142.5,60,63,61,85,43,139.5,140.5,139.0,139.5,153,126,2.0
20230309,2377,140.0,1,290,92113860,139.5,139.0,138.5,138.0,137.5,66,82,39,82,32,140.0,140.5,141.0,141.5,142.0,1,61,63,61,92,139.5,140.5,139.0,139.5,153,126,2.0
20230309,2377,140.0,1,291,92113882,139.5,139.0,138.5,138.0,137.5,70,96,43,78,39,140.0,140.5,141.0,141.5,142.0,7,41,63,69,115,139.5,140.5,139.0,139.5,153,126,2.0
20230309,2377,140.0,2,293,92140282,139.5,139.0,138.5,138.0,137.5,70,96,43,78,39,140.0,140.5,141.0,141.5,142.0,5,41,63,69,115,139.5,140.5,139.0,139.5,153,126,2.0
20230309,2377,140.0,2,295,92145778,139.5,139.0,138.5,138.0,137.5,71,96,43,78,39,140.0,140.5,141.0,141.5,142.0,7,41,63,69,115,139.5,140.5,139.0,139.5,153,126,2.0
20230309,2377,140.0,1,296,92157862,139.5,139.0,138.5,138.0,137.5,73,98,43,78,39,140.0,140.5,141.0,141.5,142.0,13,36,66,69,116,139.5,140.5,139.0,139.5,153,126,2.0
20230309,2377,140.0,1,297,92313839,139.5,139.0,138.5,138.0,137.5,55,98,45,78,40,140.0,140.5,141.0,141.5,142.0,19,38,67,72,108,139.5,140.5,139.0,139.5,153,126,2.0
20230309,2377,140.0,5,302,92626481,139.5,139.0,138.5,138.0,137.5,56,98,45,78,40,140.0,140.5,141.0,141.5,142.0,16,38,67,72,108,139.5,140.5,139.0,139.5,153,126,2.0
20230309,2377,140.0,2,304,92627253,139.5,139.0,138.5,138.0,137.5,56,98,45,78,40,140.0,140.5,141.0,141.5,142.0,14,38,67,72,108,139.5,140.5,139.0,139.5,153,126,2.0
20230309,2377,140.0,1,305,92627259,139.5,139.0,138.5,138.0,137.5,56,98,47,77,40,140.0,140.5,141.0,141.5,142.0,21,38,67,72,110,139.5,140.5,139.0,139.5,153,126,0.0
20230309,2377,139.5,4,309,92655491,139.5,139.0,138.5,138.0,137.5,56,86,56,79,40,140.0,140.5,141.0,141.5,142.0,37,35,75,63,113,139.5,140.5,139.0,139.5,153,126,1.0
20230309,2377,140.0,5,314,92911354,139.5,139.0,138.5,138.0,137.5,64,89,54,82,40,140.0,140.5,141.0,141.5,142.0,29,39,79,59,113,139.5,140.5,139.0,139.5,153,126,2.0
20230309,2377,140.0,5,319,92935250,139.5,139.0,138.5,138.0,137.5,72,89,54,82,40,140.0,140.5,141.0,141.5,142.0,18,39,79,59,113,139.5,140.5,139.0,139.5,153,126,2.0
20230309,2377,140.0,2,321,92936059,139.5,139.0,138.5,138.0,137.5,72,89,54,82,40,140.0,140.5,141.0,141.5,142.0,16,39,79,59,113,139.5,140.5,139.0,139.5,153,126,2.0
20230309,2377,140.0,1,322,92936064,139.5,139.0,138.5,138.0,137.5,72,89,54,82,40,140.0,140.5,141.0,141.5,142.0,15,39,79,59,113,139.5,140.5,139.0,139.5,153,126,2.0
20230309,2377,140.0,15,337,92936097,140.0,139.5,139.0,138.5,138.0,15,79,93,48,85,140.5,141.0,141.5,142.0,142.5,46,79,52,124,46,139.5,140.5,139.0,139.5,153,126,1.0
20230309,2377,140.5,3,340,92936891,140.0,139.5,139.0,138.5,138.0,15,79,93,48,85,140.5,141.0,141.5,142.0,142.5,43,79,52,124,46,139.5,140.5,139.0,139.5,153,126,2.0
20230309,2377,140.5,1,341,92936897,140.0,139.5,139.0,138.5,138.0,19,79,85,44,85,140.5,141.0,141.5,142.0,142.5,34,69,64,124,46,139.5,140.5,139.0,139.5,153,126,2.0
20230309,2377,140.5,2,343,92937002,140.0,139.5,139.0,138.5,138.0,32,67,83,46,85,140.5,141.0,141.5,142.0,142.5,34,67,64,124,48,139.5,140.5,139.0,139.5,153,126,2.0
20230309,2377,140.5,2,345,92942237,140.0,139.5,139.0,138.5,138.0,66,60,73,45,85,140.5,141.0,141.5,142.0,142.5,39,71,64,124,48,139.5,140.5,139.0,139.5,153,126,0.0
20230309,2377,140.0,10,355,93007855,140.0,139.5,139.0,138.5,138.0,45,56,75,47,85,140.5,141.0,141.5,142.0,142.5,35,71,64,124,48,139.5,140.5,139.0,139.5,153,126,1.0
20230309,2377,140.5,1,356,93008414,140.0,139.5,139.0,138.5,138.0,46,58,71,45,85,140.5,141.0,141.5,142.0,142.5,34,71,64,124,48,139.5,140.5,139.0,139.5,153,126,2.0
20230309,2377,140.5,2,358,93008702,140.0,139.5,139.0,138.5,138.0,46,58,71,45,85,140.5,141.0,141.5,142.0,142.5,32,71,64,124,48,139.5,140.5,139.0,139.5,153,126,2.0
20230309,2377,140.5,1,359,93008711,140.0,139.5,139.0,138.5,138.0,43,60,72,45,85,140.5,141.0,141.5,142.0,142.5,40,73,64,127,48,139.5,140.5,139.0,139.5,153,126,2.0
20230309,2377,140.5,1,360,93045815,140.0,139.5,139.0,138.5,138.0,39,54,79,47,128,140.5,141.0,141.5,142.0,142.5,49,71,67,129,48,139.5,140.5,139.0,139.5,153,126,2.0
20230309,2377,140.5,2,362,93233846,140.0,139.5,139.0,138.5,138.0,39,54,79,47,128,140.5,141.0,141.5,142.0,142.5,44,71,67,129,48,139.5,140.5,139.0,139.5,153,126,0.0
20230309,2377,140.0,5,367,93246143,140.0,139.5,139.0,138.5,138.0,35,54,79,47,128,140.5,141.0,141.5,142.0,142.5,45,71,67,129,48,139.5,140.5,139.0,139.5,153,126,1.0
20230309,2377,140.5,1,368,93257794,140.0,139.5,139.0,138.5,138.0,27,66,81,47,128,140.5,141.0,141.5,142.0,142.5,64,68,67,137,48,139.5,140.5,139.0,139.5,153,126,2.0
20230309,2377,140.5,2,370,93428213,140.0,139.5,139.0,138.5,138.0,30,67,80,47,127,140.5,141.0,141.5,142.0,142.5,65,69,68,138,48,139.5,140.5,139.0,139.5,153,126,0.0
20230309,2377,140.0,1,371,93539170,140.0,139.5,139.0,138.5,138.0,29,67,79,49,127,140.5,141.0,141.5,142.0,142.5,63,69,69,139,48,139.5,140.5,139.0,139.5,153,126,2.0
20230309,2377,140.0,1,372,93643890,140.0,139.5,139.0,138.5,138.0,28,67,79,49,127,140.5,141.0,141.5,142.0,142.5,63,69,69,139,48,139.5,140.5,139.0,139.5,153,126,2.0
20230309,2377,140.0,1,373,93656256,140.0,139.5,139.0,138.5,138.0,29,67,79,50,127,140.5,141.0,141.5,142.0,142.5,67,70,70,138,48,139.5,140.5,139.0,139.5,153,126,2.0
20230309,2377,140.0,2,375,93719318,140.0,139.5,139.0,138.5,138.0,27,67,79,50,127,140.5,141.0,141.5,142.0,142.5,67,70,70,138,48,139.5,140.5,139.0,139.5,153,126,2.0
20230309,2377,140.0,1,376,93720989,140.0,139.5,139.0,138.5,138.0,26,67,79,50,127,140.5,141.0,141.5,142.0,142.5,67,70,70,138,48,139.5,140.5,139.0,139.5,153,126,2.0
20230309,2377,140.0,3,379,93732150,140.0,139.5,139.0,138.5,138.0,23,67,79,50,127,140.5,141.0,141.5,142.0,142.5,64,70,70,138,48,139.5,140.5,139.0,139.5,153,126,1.0
20230309,2377,140.5,1,380,93732949,140.0,139.5,139.0,138.5,138.0,22,67,79,50,127,140.5,141.0,141.5,142.0,142.5,64,70,70,138,48,139.5,140.5,139.0,139.5,153,126,2.0
20230309,2377,140.5,2,382,93733720,140.0,139.5,139.0,138.5,138.0,35,68,80,49,127,140.5,141.0,141.5,142.0,142.5,69,78,72,137,52,139.5,140.5,139.0,139.5,153,126,0.0
20230309,2377,140.0,1,383,94242009,140.0,139.5,139.0,138.5,138.0,34,72,80,49,127,140.5,141.0,141.5,142.0,142.5,69,77,72,137,52,139.5,140.5,139.0,139.5,153,126,2.0
20230309,2377,140.0,1,384,94324215,140.0,139.5,139.0,138.5,138.0,31,72,80,49,128,140.5,141.0,141.5,142.0,142.5,73,78,71,138,54,139.5,140.5,139.0,139.5,153,126,2.0
20230309,2377,140.0,1,385,94418188,140.0,139.5,139.0,138.5,138.0,31,72,92,49,129,140.5,141.0,141.5,142.0,142.5,78,77,70,138,55,139.5,140.5,139.0,139.5,153,126,2.0
20230309,2377,140.0,1,386,94517922,140.0,139.5,139.0,138.5,138.0,30,71,92,49,129,140.5,141.0,141.5,142.0,142.5,78,78,70,138,55,139.5,140.5,139.0,139.5,153,126,1.0
20230309,2377,140.5,1,387,94529974,140.0,139.5,139.0,138.5,138.0,30,78,92,49,129,140.5,141.0,141.5,142.0,142.5,77,78,70,138,55,139.5,140.5,139.0,139.5,153,126,0.0
20230309,2377,140.0,1,388,94544762,140.0,139.5,139.0,138.5,138.0,29,78,92,50,129,140.5,141.0,141.5,142.0,142.5,79,78,70,138,55,139.5,140.5,139.0,139.5,153,126,2.0
20230309,2377,140.0,1,389,94558022,140.0,139.5,139.0,138.5,138.0,28,78,90,50,129,140.5,141.0,141.5,142.0,142.5,82,78,70,138,55,139.5,140.5,139.0,139.5,153,126,2.0
20230309,2377,140.0,7,396,94635538,140.0,139.5,139.0,138.5,138.0,21,78,90,50,129,140.5,141.0,141.5,142.0,142.5,85,78,70,138,55,139.5,140.5,139.0,139.5,153,126,2.0
20230309,2377,140.0,6,402,94635570,140.0,139.5,139.0,138.5,138.0,15,78,90,50,129,140.5,141.0,141.5,142.0,142.5,86,78,70,138,55,139.5,140.5,139.0,139.5,153,126,2.0
20230309,2377,140.0,15,417,94635605,139.5,139.0,138.5,138.0,137.5,76,113,52,122,39,140.0,140.5,141.0,141.5,142.0,23,75,79,79,124,139.5,140.5,139.0,139.5,153,126,0.0
20230309,2377,139.5,1,418,94635682,139.5,139.0,138.5,138.0,137.5,71,107,52,122,39,140.0,140.5,141.0,141.5,142.0,25,73,91,67,124,139.5,140.5,139.0,139.5,153,126,2.0
20230309,2377,139.5,1,419,94635752,139.5,139.0,138.5,138.0,137.5,69,106,54,122,39,140.0,140.5,141.0,141.5,142.0,25,73,91,67,124,139.5,140.5,139.0,139.5,153,126,2.0
20230309,2377,139.5,2,421,94635810,139.5,139.0,138.5,138.0,137.5,87,102,74,127,39,140.0,140.5,141.0,141.5,142.0,64,56,95,69,124,139.5,140.5,139.0,139.5,153,126,2.0
20230309,2377,139.5,1,422,95221816,139.5,139.0,138.5,138.0,137.5,103,102,73,129,38,140.0,140.5,141.0,141.5,142.0,48,63,100,76,119,139.5,140.5,139.0,139.5,153,126,1.0
20230309,2377,140.0,1,423,95645007,139.5,139.0,138.5,138.0,137.5,105,102,70,133,38,140.0,140.5,141.0,141.5,142.0,48,62,100,76,119,139.5,140.5,139.0,139.5,153,126,2.0
20230309,2377,140.0,1,424,95646355,139.5,139.0,138.5,138.0,137.5,105,102,70,133,38,140.0,140.5,141.0,141.5,142.0,47,62,100,76,119,139.5,140.5,139.0,139.5,153,126,2.0
20230309,2377,140.0,47,471,95646381,140.0,139.5,139.0,138.5,138.0,7,115,104,66,129,140.5,141.0,141.5,142.0,142.5,77,94,76,117,52,139.5,140.5,139.0,139.5,153,126,2.0
20230309,2377,140.0,1,472,95646436,140.0,139.5,139.0,138.5,138.0,12,119,106,73,111,140.5,141.0,141.5,142.0,142.5,77,94,67,124,58,139.5,140.5,139.0,139.5,153,126,2.0
20230309,2377,140.0,1,473,95646525,140.0,139.5,139.0,138.5,138.0,11,119,106,67,111,140.5,141.0,141.5,142.0,142.5,76,94,67,124,58,139.5,140.5,139.0,139.5,153,126,2.0
20230309,2377,140.0,6,479,95646539,140.0,139.5,139.0,138.5,138.0,16,111,106,67,111,140.5,141.0,141.5,142.0,142.5,77,94,67,124,58,139.5,140.5,139.0,139.5,153,126,1.0
20230309,2377,140.5,7,486,95647188,140.0,139.5,139.0,138.5,138.0,16,111,106,67,111,140.5,141.0,141.5,142.0,142.5,70,94,67,124,58,139.5,140.5,139.0,139.5,153,126,2.0
20230309,2377,140.5,4,490,95647194,140.0,139.5,139.0,138.5,138.0,28,111,107,70,107,140.5,141.0,141.5,142.0,142.5,55,90,71,124,58,139.5,140.5,139.0,139.5,153,126,2.0
20230309,2377,140.5,2,492,95647536,140.0,139.5,139.0,138.5,138.0,39,99,128,72,107,140.5,141.0,141.5,142.0,142.5,51,90,77,124,60,139.5,140.5,139.0,139.5,153,126,2.0
20230309,2377,140.5,3,495,95654345,140.0,139.5,139.0,138.5,138.0,74,105,104,70,107,140.5,141.0,141.5,142.0,142.5,39,95,77,124,60,139.5,140.5,139.0,139.5,153,126,2.0
20230309,2377,140.5,5,500,95700220,140.0,139.5,139.0,138.5,138.0,81,102,101,70,107,140.5,141.0,141.5,142.0,142.5,36,95,77,124,60,139.5,140.5,139.0,139.5,153,126,2.0
20230309,2377,140.5,1,501,95715310,140.0,139.5,139.0,138.5,138.0,90,92,103,68,107,140.5,141.0,141.5,142.0,142.5,33,106,77,124,61,139.5,140.5,139.0,139.5,153,126,2.0
20230309,2377,140.5,1,502,95822150,140.0,139.5,139.0,138.5,138.0,90,92,103,68,107,140.5,141.0,141.5,142.0,142.5,32,106,77,124,61,139.5,140.5,139.0,139.5,153,126,2.0
20230309,2377,140.5,1,503,95822834,140.0,139.5,139.0,138.5,138.0,91,90,93,68,107,140.5,141.0,141.5,142.0,142.5,28,106,77,124,61,139.5,140.5,139.0,139.5,153,126,2.0
20230309,2377,140.5,1,504,95838223,140.0,139.5,139.0,138.5,138.0,83,91,93,69,107,140.5,141.0,141.5,142.0,142.5,32,108,77,125,61,139.5,140.5,139.0,139.5,153,126,2.0
20230309,2377,140.5,1,505,95953915,140.0,139.5,139.0,138.5,138.0,80,90,93,69,107,140.5,141.0,141.5,142.0,142.5,33,109,77,126,61,139.5,140.5,139.0,139.5,153,126,2.0
20230309,2377,140.5,3,508,100131806,140.0,139.5,139.0,138.5,138.0,80,90,93,69,107,140.5,141.0,141.5,142.0,142.5,30,109,77,126,61,139.5,140.5,139.0,139.5,153,126,2.0
20230309,2377,140.5,3,511,100132573,140.0,139.5,139.0,138.5,138.0,80,90,93,69,107,140.5,141.0,141.5,142.0,142.5,27,109,77,126,61,139.5,140.5,139.0,139.5,153,126,2.0
20230309,2377,140.5,1,512,100132578,140.0,139.5,139.0,138.5,138.0,80,89,93,69,107,140.5,141.0,141.5,142.0,142.5,27,109,77,126,61,139.5,140.5,139.0,139.5,153,126,2.0
20230309,2377,140.5,1,513,100132851,140.0,139.5,139.0,138.5,138.0,80,89,93,69,107,140.5,141.0,141.5,142.0,142.5,22,109,77,126,61,139.5,140.5,139.0,139.5,153,126,2.0
20230309,2377,140.5,1,514,100136905,140.0,139.5,139.0,138.5,138.0,55,87,94,71,107,140.5,141.0,141.5,142.0,142.5,47,110,80,126,61,139.5,140.5,139.0,139.5,153,126,2.0
20230309,2377,140.5,1,515,100612688,140.0,139.5,139.0,138.5,138.0,44,97,94,71,108,140.5,141.0,141.5,142.0,142.5,39,117,82,127,61,139.5,140.5,139.0,139.5,153,126,2.0
20230309,2377,140.5,1,516,100958020,140.0,139.5,139.0,138.5,138.0,44,98,95,71,109,140.5,141.0,141.5,142.0,142.5,53,120,83,127,61,139.5,140.5,139.0,139.5,153,126,0.0
20230309,2377,140.0,5,521,101206241,140.0,139.5,139.0,138.5,138.0,38,97,95,71,109,140.5,141.0,141.5,142.0,142.5,58,108,91,127,61,139.5,140.5,139.0,139.5,153,126,1.0
20230309,2377,140.5,1,522,101207061,140.0,139.5,139.0,138.5,138.0,37,98,95,71,110,140.5,141.0,141.5,142.0,142.5,59,108,91,127,61,139.5,140.5,139.0,139.5,153,126,2.0
20230309,2377,140.5,1,523,101308445,140.0,139.5,139.0,138.5,138.0,38,98,95,71,110,140.5,141.0,141.5,142.0,142.5,58,108,91,127,61,139.5,140.5,139.0,139.5,153,126,2.0
20230309,2377,140.5,1,524,101341866,140.0,139.5,139.0,138.5,138.0,40,98,96,71,109,140.5,141.0,141.5,142.0,142.5,57,106,91,128,60,139.5,140.5,139.0,139.5,153,126,0.0
20230309,2377,140.0,1,525,101622854,140.0,139.5,139.0,138.5,138.0,39,98,97,71,108,140.5,141.0,141.5,142.0,142.5,58,106,94,128,60,139.5,140.5,139.0,139.5,153,126,2.0
20230309,2377,140.0,2,527,101733666,140.0,139.5,139.0,138.5,138.0,37,99,97,71,108,140.5,141.0,141.5,142.0,142.5,65,106,94,129,60,139.5,140.5,139.0,139.5,153,126,2.0
20230309,2377,140.0,1,528,101851250,140.0,139.5,139.0,138.5,138.0,36,86,100,71,108,140.5,141.0,141.5,142.0,142.5,75,108,92,129,60,139.5,140.5,139.0,139.5,153,126,2.0
20230309,2377,140.0,36,564,102140364,140.0,139.5,139.0,138.5,138.0,2,72,83,75,108,140.5,141.0,141.5,142.0,142.5,88,109,92,129,52,139.5,140.5,139.0,139.5,153,126,2.0
20230309,2377,140.0,1,565,102140404,140.0,139.5,139.0,138.5,138.0,1,72,83,75,108,140.5,141.0,141.5,142.0,142.5,87,109,92,129,52,139.5,140.5,139.0,139.5,153,126,2.0
20230309,2377,140.0,1,566,102140427,139.5,139.0,138.5,138.0,137.5,66,78,92,122,32,140.0,140.5,141.0,141.5,142.0,70,54,108,92,132,139.5,140.5,139.0,139.5,153,126,0.0
20230309,2377,139.5,1,567,102349160,139.5,139.0,138.5,138.0,137.5,74,75,91,122,33,140.0,140.5,141.0,141.5,142.0,70,49,120,80,132,139.5,140.5,139.0,139.5,153,126,2.0
20230309,2377,139.5,3,570,102628320,139.5,139.0,138.5,138.0,137.5,66,81,85,122,33,140.0,140.5,141.0,141.5,142.0,82,46,120,81,132,139.5,140.5,139.0,139.5,153,126,2.0
20230309,2377,139.5,19,589,102650316,139.5,139.0,138.5,138.0,137.5,47,81,85,122,33,140.0,140.5,141.0,141.5,142.0,83,46,120,81,132,139.5,140.5,139.0,139.5,153,126,2.0
20230309,2377,139.5,1,590,102650399,139.5,139.0,138.5,138.0,137.5,46,80,85,122,33,140.0,140.5,141.0,141.5,142.0,83,47,120,81,132,139.5,140.5,139.0,139.5,153,126,1.0
20230309,2377,140.0,2,592,102651106,139.5,139.0,138.5,138.0,137.5,48,88,82,126,33,140.0,140.5,141.0,141.5,142.0,79,51,121,79,131,139.5,140.5,139.0,139.5,153,126,0.0
20230309,2377,139.5,1,593,102806903,139.5,139.0,138.5,138.0,137.5,47,87,82,126,33,140.0,140.5,141.0,141.5,142.0,78,51,121,79,131,139.5,140.5,139.0,139.5,153,126,1.0
20230309,2377,140.0,4,597,102807731,139.5,139.0,138.5,138.0,137.5,52,86,81,127,33,140.0,140.5,141.0,141.5,142.0,81,50,121,79,131,139.5,140.5,139.0,139.5,153,126,2.0
20230309,2377,140.0,3,600,102906841,139.5,139.0,138.5,138.0,137.5,52,86,81,127,33,140.0,140.5,141.0,141.5,142.0,72,50,121,79,131,139.5,140.5,139.0,139.5,153,126,0.0
20230309,2377,139.5,41,641,102927246,139.5,139.0,138.5,138.0,137.5,6,86,81,127,33,140.0,140.5,141.0,141.5,142.0,80,50,121,79,131,139.5,140.5,139.0,139.5,153,126,2.0
20230309,2377,139.5,3,644,102927323,139.5,139.0,138.5,138.0,137.5,3,86,81,127,33,140.0,140.5,141.0,141.5,142.0,77,50,121,79,131,139.5,140.5,139.0,139.5,153,126,2.0
20230309,2377,139.5,2,646,102927337,139.5,139.0,138.5,138.0,137.5,1,86,81,127,33,140.0,140.5,141.0,141.5,142.0,77,50,121,79,131,139.5,140.5,139.0,139.5,153,126,2.0
20230309,2377,139.5,1,647,102927393,139.0,138.5,138.0,137.5,137.0,94,83,132,47,67,139.5,140.0,140.5,141.0,141.5,35,52,56,121,74,139.5,140.5,139.0,139.5,153,126,0.0
20230309,2377,139.0,1,648,102952227,139.0,138.5,138.0,137.5,137.0,86,72,154,47,71,139.5,140.0,140.5,141.0,141.5,41,43,70,111,73,139.5,140.5,139.0,139.5,153,126,2.0
20230309,2377,139.0,5,653,103204139,139.0,138.5,138.0,137.5,137.0,80,66,160,49,74,139.5,140.0,140.5,141.0,141.5,56,48,71,108,73,139.5,140.5,139.0,139.5,153,126,2.0
20230309,2377,139.0,1,654,103352294,139.0,138.5,138.0,137.5,137.0,95,74,153,48,76,139.5,140.0,140.5,141.0,141.5,42,57,72,108,78,139.5,140.5,139.0,139.5,153,126,2.0
20230309,2377,139.0,1,655,103732412,139.0,138.5,138.0,137.5,137.0,98,74,153,48,76,139.5,140.0,140.5,141.0,141.5,41,63,67,108,78,139.5,140.5,139.0,139.5,153,126,2.0
20230309,2377,139.0,1,656,103827303,139.0,138.5,138.0,137.5,137.0,98,74,153,48,76,139.5,140.0,140.5,141.0,141.5,41,63,68,108,78,139.5,140.5,139.0,139.5,153,126,2.0
20230309,2377,139.0,1,657,103846675,139.0,138.5,138.0,137.5,137.0,98,74,153,48,76,139.5,140.0,140.5,141.0,141.5,42,63,68,108,78,139.5,140.5,139.0,139.5,153,126,2.0
20230309,2377,139.0,1,658,103855696,139.0,138.5,138.0,137.5,137.0,99,72,154,49,80,139.5,140.0,140.5,141.0,141.5,43,64,68,107,78,139.5,140.5,139.0,139.5,153,126,2.0
20230309,2377,139.0,1,659,104056040,139.0,138.5,138.0,137.5,137.0,98,72,154,49,80,139.5,140.0,140.5,141.0,141.5,44,64,68,107,78,139.5,140.5,139.0,139.5,153,126,2.0
20230309,2377,139.0,1,660,104132178,139.0,138.5,138.0,137.5,137.0,91,68,156,51,80,139.5,140.0,140.5,141.0,141.5,60,60,70,107,78,139.5,140.5,139.0,139.5,153,126,2.0
20230309,2377,139.0,1,661,104307973,139.0,138.5,138.0,137.5,137.0,90,68,156,51,80,139.5,140.0,140.5,141.0,141.5,60,60,70,107,78,139.5,140.5,139.0,139.5,153,126,2.0
20230309,2377,139.0,1,662,104308042,139.0,138.5,138.0,137.5,137.0,90,68,156,51,80,139.5,140.0,140.5,141.0,141.5,60,61,69,107,78,139.5,140.5,139.0,139.5,153,126,2.0
20230309,2377,139.0,1,663,104359320,139.0,138.5,138.0,137.5,137.0,89,68,156,51,80,139.5,140.0,140.5,141.0,141.5,60,61,69,107,78,139.5,140.5,139.0,139.5,153,126,2.0
20230309,2377,139.0,1,664,104417032,139.0,138.5,138.0,137.5,137.0,88,66,158,51,80,139.5,140.0,140.5,141.0,141.5,60,61,70,107,78,139.5,140.5,139.0,139.5,153,126,2.0
20230309,2377,139.0,1,665,104512344,139.0,138.5,138.0,137.5,137.0,87,66,158,51,80,139.5,140.0,140.5,141.0,141.5,59,61,70,107,78,139.5,140.5,139.0,139.5,153,126,2.0
20230309,2377,139.0,1,666,104521184,139.0,138.5,138.0,137.5,137.0,84,68,155,51,80,139.5,140.0,140.5,141.0,141.5,69,63,70,107,78,139.5,140.5,139.0,139.5,153,126,2.0
20230309,2377,139.0,1,667,104733267,139.0,138.5,138.0,137.5,137.0,84,68,155,51,83,139.5,140.0,140.5,141.0,141.5,69,63,70,107,77,139.5,140.5,139.0,139.5,153,126,2.0
20230309,2377,139.0,1,668,104803813,139.0,138.5,138.0,137.5,137.0,69,68,155,51,83,139.5,140.0,140.5,141.0,141.5,73,63,70,107,77,139.5,140.5,139.0,139.5,153,126,1.0
20230309,2377,139.5,1,669,104808040,139.0,138.5,138.0,137.5,137.0,69,68,151,55,83,139.5,140.0,140.5,141.0,141.5,72,63,70,107,77,139.5,140.5,139.0,139.5,153,126,0.0
20230309,2377,139.0,1,670,104817296,139.0,138.5,138.0,137.5,137.0,68,70,149,55,83,139.5,140.0,140.5,141.0,141.5,66,63,72,106,77,139.5,140.5,139.0,139.5,153,126,2.0
20230309,2377,139.0,1,671,104946076,139.0,138.5,138.0,137.5,137.0,69,70,149,55,83,139.5,140.0,140.5,141.0,141.5,62,63,72,106,77,139.5,140.5,139.0,139.5,153,126,1.0
20230309,2377,139.5,2,673,105010579,139.0,138.5,138.0,137.5,137.0,100,74,145,53,83,139.5,140.0,140.5,141.0,141.5,45,67,72,106,77,139.5,140.5,139.0,139.5,153,126,2.0
20230309,2377,139.5,6,679,105025626,139.0,138.5,138.0,137.5,137.0,100,74,145,53,83,139.5,140.0,140.5,141.0,141.5,39,67,72,106,77,139.5,140.5,139.0,139.5,153,126,2.0
20230309,2377,139.5,1,680,105026113,139.0,138.5,138.0,137.5,137.0,104,74,145,53,83,139.5,140.0,140.5,141.0,141.5,38,68,72,106,77,139.5,140.5,139.0,139.5,153,126,2.0
20230309,2377,139.5,2,682,105029853,139.0,138.5,138.0,137.5,137.0,104,70,145,53,83,139.5,140.0,140.5,141.0,141.5,36,68,72,106,77,139.5,140.5,139.0,139.5,153,126,2.0
20230309,2377,139.5,4,686,105029864,139.0,138.5,138.0,137.5,137.0,104,66,145,53,83,139.5,140.0,140.5,141.0,141.5,32,68,72,106,77,139.5,140.5,139.0,139.5,153,126,2.0
20230309,2377,139.5,17,703,105029885,139.0,138.5,138.0,137.5,137.0,107,68,145,53,83,139.5,140.0,140.5,141.0,141.5,15,68,72,106,77,139.5,140.5,139.0,139.5,153,126,2.0
20230309,2377,139.5,1,704,105029933,139.0,138.5,138.0,137.5,137.0,107,68,145,53,83,139.5,140.0,140.5,141.0,141.5,14,68,72,106,77,139.5,140.5,139.0,139.5,153,126,2.0
20230309,2377,139.5,1,705,105029961,139.0,138.5,138.0,137.5,137.0,107,68,145,53,83,139.5,140.0,140.5,141.0,141.5,13,68,72,106,77,139.5,140.5,139.0,139.5,153,126,2.0
20230309,2377,139.5,2,707,105029963,139.0,138.5,138.0,137.5,137.0,109,66,145,53,83,139.5,140.0,140.5,141.0,141.5,11,66,74,106,77,139.5,140.5,139.0,139.5,153,126,0.0
20230309,2377,139.0,1,708,105030000,139.0,138.5,138.0,137.5,137.0,112,64,143,53,83,139.5,140.0,140.5,141.0,141.5,13,64,74,106,77,139.5,140.5,139.0,139.5,153,126,1.0
20230309,2377,139.5,3,711,105030202,139.0,138.5,138.0,137.5,137.0,112,64,143,53,83,139.5,140.0,140.5,141.0,141.5,11,64,76,106,77,139.5,140.5,139.0,139.5,153,126,2.0
20230309,2377,139.5,2,713,105031019,139.0,138.5,138.0,137.5,137.0,106,68,145,53,83,139.5,140.0,140.5,141.0,141.5,9,64,76,106,77,139.5,140.5,139.0,139.5,153,126,2.0
20230309,2377,139.5,1,714,105039248,139.0,138.5,138.0,137.5,137.0,106,68,145,53,83,139.5,140.0,140.5,141.0,141.5,8,68,72,106,77,139.5,140.5,139.0,139.5,153,126,2.0
20230309,2377,139.5,1,715,105040317,139.0,138.5,138.0,137.5,137.0,106,68,145,53,83,139.5,140.0,140.5,141.0,141.5,7,68,72,106,77,139.5,140.5,139.0,139.5,153,126,2.0
20230309,2377,139.5,1,716,105044845,139.0,138.5,138.0,137.5,137.0,105,68,145,53,83,139.5,140.0,140.5,141.0,141.5,6,68,72,106,77,139.5,140.5,139.0,139.5,153,126,2.0
20230309,2377,139.5,1,717,105044849,139.0,138.5,138.0,137.5,137.0,104,68,145,53,83,139.5,140.0,140.5,141.0,141.5,5,68,72,106,77,139.5,140.5,139.0,139.5,153,126,2.0
20230309,2377,139.5,2,719,105044855,139.0,138.5,138.0,137.5,137.0,104,66,145,53,83,139.5,140.0,140.5,141.0,141.5,3,68,72,106,77,139.5,140.5,139.0,139.5,153,126,2.0
20230309,2377,139.5,1,720,105044856,139.0,138.5,138.0,137.5,137.0,103,66,145,53,83,139.5,140.0,140.5,141.0,141.5,2,68,72,106,77,139.5,140.5,139.0,139.5,153,126,2.0
20230309,2377,139.5,1,721,105044858,139.0,138.5,138.0,137.5,137.0,103,65,145,53,83,139.5,140.0,140.5,141.0,141.5,2,68,72,106,77,139.5,140.5,139.0,139.5,153,126,2.0
20230309,2377,139.5,1,722,105045941,139.0,138.5,138.0,137.5,137.0,84,65,145,53,83,139.5,140.0,140.5,141.0,141.5,6,68,71,106,77,139.5,140.5,139.0,139.5,153,126,2.0
20230309,2377,139.5,2,724,105133365,139.0,138.5,138.0,137.5,137.0,78,65,145,53,83,139.5,140.0,140.5,141.0,141.5,6,70,71,106,77,139.5,140.5,139.0,139.5,153,126,2.0
20230309,2377,139.5,6,730,105144809,139.0,138.5,138.0,137.5,137.0,78,65,145,51,83,139.5,140.0,140.5,141.0,141.5,19,71,65,106,75,139.5,140.5,139.0,139.5,153,126,2.0
20230309,2377,139.5,1,731,105145004,139.0,138.5,138.0,137.5,137.0,78,65,145,53,83,139.5,140.0,140.5,141.0,141.5,18,71,71,106,77,139.5,140.5,139.0,139.5,153,126,0.0
20230309,2377,139.0,1,732,105148279,139.0,138.5,138.0,137.5,137.0,73,65,145,53,83,139.5,140.0,140.5,141.0,141.5,2,71,71,106,77,139.5,140.5,139.0,139.5,153,126,2.0
20230309,2377,139.0,1,733,105158013,139.0,138.5,138.0,137.5,137.0,72,65,145,53,83,139.5,140.0,140.5,141.0,141.5,4,71,71,106,77,139.5,140.5,139.0,139.5,153,126,1.0
20230309,2377,139.5,1,734,105254157,139.0,138.5,138.0,137.5,137.0,76,66,145,53,83,139.5,140.0,140.5,141.0,141.5,2,66,71,106,77,139.5,140.5,139.0,139.5,153,126,2.0
20230309,2377,139.5,1,735,105401452,139.0,138.5,138.0,137.5,137.0,76,66,157,41,83,140.0,140.5,141.0,141.5,142.0,109,65,117,81,121,139.5,140.5,139.0,139.5,153,126,0.0
20230309,2377,139.0,1,736,105411147,139.0,138.5,138.0,137.5,137.0,75,66,161,37,83,140.0,140.5,141.0,141.5,142.0,114,63,121,81,121,139.5,140.5,139.0,139.5,153,126,2.0
20230309,2377,139.0,1,737,105623214,139.0,138.5,138.0,137.5,137.0,70,66,161,37,86,140.0,140.5,141.0,141.5,142.0,114,63,121,81,121,139.5,140.5,139.0,139.5,153,126,1.0
20230309,2377,140.0,1,738,105626732,139.0,138.5,138.0,137.5,137.0,70,66,161,37,87,140.0,140.5,141.0,141.5,142.0,113,67,117,81,121,139.5,140.5,139.0,139.5,153,126,2.0
20230309,2377,140.0,1,739,105629648,139.0,138.5,138.0,137.5,137.0,72,66,150,49,87,139.5,140.0,140.5,141.0,141.5,25,75,66,113,76,139.5,140.5,139.0,139.5,153,126,0.0
20230309,2377,139.0,1,740,105835137,139.0,138.5,138.0,137.5,137.0,58,65,150,49,88,139.5,140.0,140.5,141.0,141.5,55,70,67,113,76,139.5,140.5,139.0,139.5,153,126,2.0
20230309,2377,139.0,1,741,110032216,139.0,138.5,138.0,137.5,137.0,57,65,150,49,88,139.5,140.0,140.5,141.0,141.5,54,71,67,113,76,139.5,140.5,139.0,139.5,153,126,2.0
20230309,2377,139.0,1,742,110048040,139.0,138.5,138.0,137.5,137.0,62,65,150,49,87,139.5,140.0,140.5,141.0,141.5,57,71,67,114,76,139.5,140.5,139.0,139.5,153,126,2.0
20230309,2377,139.0,1,743,110259981,139.0,138.5,138.0,137.5,137.0,62,59,144,49,87,139.5,140.0,140.5,141.0,141.5,67,70,68,114,76,139.5,140.5,139.0,139.5,153,126,2.0
20230309,2377,139.0,1,744,110432327,139.0,138.5,138.0,137.5,137.0,61,58,144,48,90,139.5,140.0,140.5,141.0,141.5,66,85,68,114,76,139.5,140.5,139.0,139.5,153,126,2.0
20230309,2377,139.0,1,745,110513189,139.0,138.5,138.0,137.5,137.0,60,58,144,48,90,139.5,140.0,140.5,141.0,141.5,67,100,67,115,75,139.5,140.5,139.0,139.5,153,126,1.0
20230309,2377,139.5,1,746,110626483,139.0,138.5,138.0,137.5,137.0,60,58,140,52,90,139.5,140.0,140.5,141.0,141.5,68,98,68,117,75,139.5,140.5,139.0,139.5,153,126,0.0
20230309,2377,139.0,1,747,110725258,139.0,138.5,138.0,137.5,137.0,60,58,140,52,90,139.5,140.0,140.5,141.0,141.5,70,98,67,117,75,139.5,140.5,139.0,139.5,153,126,2.0
20230309,2377,139.0,1,748,110806903,139.0,138.5,138.0,137.5,137.0,59,58,140,52,90,139.5,140.0,140.5,141.0,141.5,69,98,67,117,75,139.5,140.5,139.0,139.5,153,126,2.0
20230309,2377,139.0,1,749,110938075,139.0,138.5,138.0,137.5,137.0,53,58,140,52,90,139.5,140.0,140.5,141.0,141.5,71,98,67,117,75,139.5,140.5,139.0,139.5,153,126,2.0
20230309,2377,139.0,1,750,111026727,139.0,138.5,138.0,137.5,137.0,55,58,140,51,91,139.5,140.0,140.5,141.0,141.5,71,98,68,117,75,139.5,140.5,139.0,139.5,153,126,2.0
20230309,2377,139.0,1,751,111150020,139.0,138.5,138.0,137.5,137.0,54,58,140,51,91,139.5,140.0,140.5,141.0,141.5,85,115,68,117,75,139.5,140.5,139.0,139.5,153,126,2.0
20230309,2377,139.0,1,752,111210982,139.0,138.5,138.0,137.5,137.0,52,52,144,53,91,139.5,140.0,140.5,141.0,141.5,85,115,68,117,75,139.5,140.5,139.0,139.5,153,126,2.0
20230309,2377,139.0,1,753,111212170,139.0,138.5,138.0,137.5,137.0,51,52,144,53,91,139.5,140.0,140.5,141.0,141.5,84,115,67,117,75,139.5,140.5,139.0,139.5,153,126,2.0
20230309,2377,139.0,2,755,111224295,139.0,138.5,138.0,137.5,137.0,48,52,144,53,91,139.5,140.0,140.5,141.0,141.5,83,115,67,117,75,139.5,140.5,139.0,139.5,153,126,1.0
20230309,2377,139.5,1,756,111237525,139.0,138.5,138.0,137.5,137.0,48,52,144,53,91,139.5,140.0,140.5,141.0,141.5,82,115,76,117,75,139.5,140.5,139.0,139.5,153,126,2.0
20230309,2377,139.5,1,757,111304878,139.0,138.5,138.0,137.5,137.0,48,52,144,53,94,139.5,140.0,140.5,141.0,141.5,83,115,77,117,75,139.5,140.5,139.0,139.5,153,126,0.0
20230309,2377,139.0,1,758,111403153,139.0,138.5,138.0,137.5,137.0,46,48,144,53,94,139.5,140.0,140.5,141.0,141.5,83,116,75,117,75,139.5,140.5,139.0,139.5,153,126,2.0
20230309,2377,139.0,1,759,111552368,139.0,138.5,138.0,137.5,137.0,45,48,144,53,94,139.5,140.0,140.5,141.0,141.5,82,116,76,117,75,139.5,140.5,139.0,139.5,153,126,2.0
20230309,2377,139.0,1,760,111615213,139.0,138.5,138.0,137.5,137.0,44,48,144,53,94,139.5,140.0,140.5,141.0,141.5,83,117,75,117,75,139.5,140.5,139.0,139.5,153,126,2.0
20230309,2377,139.0,1,761,111718380,139.0,138.5,138.0,137.5,137.0,43,38,144,53,94,139.5,140.0,140.5,141.0,141.5,84,117,75,117,75,139.5,140.5,139.0,139.5,153,126,2.0
20230309,2377,139.0,2,763,111741301,139.0,138.5,138.0,137.5,137.0,41,38,144,53,94,139.5,140.0,140.5,141.0,141.5,84,117,75,117,75,139.5,140.5,139.0,139.5,153,126,2.0
20230309,2377,139.0,34,804,111741332,138.5,138.0,137.5,137.0,136.5,43,78,65,153,22,139.0,139.5,140.0,140.5,141.0,64,41,126,69,111,139.5,140.5,139.0,139.5,153,126,0.0
20230309,2377,138.5,1,805,111827159,138.5,138.0,137.5,137.0,136.5,42,78,66,153,22,139.0,139.5,140.0,140.5,141.0,66,40,143,57,111,139.5,140.5,138.5,139.5,153,126,2.0
20230309,2377,138.5,1,806,111841907,138.5,138.0,137.5,137.0,136.5,41,78,66,153,22,139.0,139.5,140.0,140.5,141.0,66,40,143,57,111,139.5,140.5,138.5,139.5,153,126,2.0
20230309,2377,138.5,1,807,111841987,138.5,138.0,137.5,137.0,136.5,42,74,66,157,22,139.0,139.5,140.0,140.5,141.0,67,40,143,56,111,139.5,140.5,138.5,139.5,153,126,2.0
20230309,2377,138.5,5,812,111911862,138.5,138.0,137.5,137.0,136.5,35,76,68,157,22,139.0,139.5,140.0,140.5,141.0,68,40,143,56,111,139.5,140.5,138.5,139.5,153,126,2.0
20230309,2377,138.5,1,813,111935587,138.5,138.0,137.5,137.0,136.5,37,76,68,157,22,139.0,139.5,140.0,140.5,141.0,68,40,144,55,111,139.5,140.5,138.5,139.5,153,126,2.0
20230309,2377,138.5,1,814,111952235,138.5,138.0,137.5,137.0,136.5,36,76,68,157,22,139.0,139.5,140.0,140.5,141.0,67,40,144,55,111,139.5,140.5,138.5,139.5,153,126,2.0
20230309,2377,138.5,1,815,111953235,138.5,138.0,137.5,137.0,136.5,36,75,69,158,22,139.0,139.5,140.0,140.5,141.0,67,36,141,56,111,139.5,140.5,138.5,139.5,153,126,2.0
20230309,2377,138.5,1,816,112040038,138.5,138.0,137.5,137.0,136.5,32,75,69,158,22,139.0,139.5,140.0,140.5,141.0,75,36,141,62,111,139.5,140.5,138.5,139.5,153,126,2.0
20230309,2377,138.5,1,817,112059294,138.5,138.0,137.5,137.0,136.5,31,75,69,158,22,139.0,139.5,140.0,140.5,141.0,75,36,141,62,111,139.5,140.5,138.5,139.5,153,126,2.0
20230309,2377,138.5,1,818,112114614,138.5,138.0,137.5,137.0,136.5,30,75,69,159,22,139.0,139.5,140.0,140.5,141.0,67,36,141,62,111,139.5,140.5,138.5,139.5,153,126,2.0
20230309,2377,138.5,1,819,112118318,138.5,138.0,137.5,137.0,136.5,29,75,69,160,22,139.0,139.5,140.0,140.5,141.0,62,36,141,61,111,139.5,140.5,138.5,139.5,153,126,2.0
20230309,2377,138.5,1,820,112139660,138.5,138.0,137.5,137.0,136.5,68,76,70,162,22,139.0,139.5,140.0,140.5,141.0,37,36,141,61,111,139.5,140.5,138.5,139.5,153,126,1.0
20230309,2377,139.0,4,824,112214837,138.5,138.0,137.5,137.0,136.5,77,76,70,165,22,139.0,139.5,140.0,140.5,141.0,20,36,141,61,111,139.5,140.5,138.5,139.5,153,126,0.0
20230309,2377,138.5,1,825,112236475,138.5,138.0,137.5,137.0,136.5,76,76,71,165,22,139.0,139.5,140.0,140.5,141.0,20,36,141,62,111,139.5,140.5,138.5,139.5,153,126,2.0
20230309,2377,138.5,1,826,112251975,138.5,138.0,137.5,137.0,136.5,76,76,71,165,22,139.0,139.5,140.0,140.5,141.0,20,36,141,63,111,139.5,140.5,138.5,139.5,153,126,1.0
20230309,2377,139.0,1,827,112331244,138.5,138.0,137.5,137.0,136.5,76,76,72,165,22,139.0,139.5,140.0,140.5,141.0,19,36,141,63,111,139.5,140.5,138.5,139.5,153,126,0.0
20230309,2377,138.5,1,828,112331319,138.5,138.0,137.5,137.0,136.5,75,76,72,165,22,139.0,139.5,140.0,140.5,141.0,19,36,141,63,111,139.5,140.5,138.5,139.5,153,126,2.0
20230309,2377,138.5,1,829,112332265,138.5,138.0,137.5,137.0,136.5,74,76,72,165,22,139.0,139.5,140.0,140.5,141.0,17,37,141,63,111,139.5,140.5,138.5,139.5,153,126,2.0
20230309,2377,138.5,1,830,112338467,138.5,138.0,137.5,137.0,136.5,77,76,71,165,22,139.0,139.5,140.0,140.5,141.0,18,37,141,63,111,139.5,140.5,138.5,139.5,153,126,2.0
20230309,2377,138.5,1,831,112444052,138.5,138.0,137.5,137.0,136.5,77,76,71,165,22,139.0,139.5,140.0,140.5,141.0,18,37,141,63,111,139.5,140.5,138.5,139.5,153,126,2.0
20230309,2377,138.5,1,832,112505180,138.5,138.0,137.5,137.0,136.5,76,76,71,165,22,139.0,139.5,140.0,140.5,141.0,19,37,141,63,111,139.5,140.5,138.5,139.5,153,126,2.0
20230309,2377,138.5,1,833,112525864,138.5,138.0,137.5,137.0,136.5,77,76,71,165,23,139.0,139.5,140.0,140.5,141.0,21,36,141,65,112,139.5,140.5,138.5,139.5,153,126,2.0
20230309,2377,138.5,1,834,112641603,138.5,138.0,137.5,137.0,136.5,76,77,71,164,24,139.0,139.5,140.0,140.5,141.0,21,37,141,64,112,139.5,140.5,138.5,139.5,153,126,2.0
20230309,2377,138.5,1,835,112717249,138.5,138.0,137.5,137.0,136.5,75,77,71,164,24,139.0,139.5,140.0,140.5,141.0,21,37,141,64,112,139.5,140.5,138.5,139.5,153,126,2.0
20230309,2377,138.5,1,836,112732422,138.5,138.0,137.5,137.0,136.5,74,77,71,164,24,139.0,139.5,140.0,140.5,141.0,20,37,141,64,112,139.5,140.5,138.5,139.5,153,126,2.0
20230309,2377,138.5,1,837,112745134,138.5,138.0,137.5,137.0,136.5,81,76,71,164,24,139.0,139.5,140.0,140.5,141.0,20,37,140,64,112,139.5,140.5,138.5,139.5,153,126,2.0
20230309,2377,138.5,1,838,112817193,138.5,138.0,137.5,137.0,136.5,82,76,70,164,25,139.0,139.5,140.0,140.5,141.0,20,37,140,65,112,139.5,140.5,138.5,139.5,153,126,1.0
20230309,2377,139.0,1,839,112833817,138.5,138.0,137.5,137.0,136.5,82,76,70,164,25,139.0,139.5,140.0,140.5,141.0,19,37,140,65,112,139.5,140.5,138.5,139.5,153,126,2.0
20230309,2377,139.0,1,840,112857156,138.5,138.0,137.5,137.0,136.5,83,76,70,164,25,139.0,139.5,140.0,140.5,141.0,20,37,140,66,112,139.5,140.5,138.5,139.5,153,126,0.0
20230309,2377,138.5,1,841,112921412,138.5,138.0,137.5,137.0,136.5,83,76,70,164,25,139.0,139.5,140.0,140.5,141.0,22,37,140,66,112,139.5,140.5,138.5,139.5,153,126,2.0
20230309,2377,138.5,1,842,112930081,138.5,138.0,137.5,137.0,136.5,82,76,70,164,25,139.0,139.5,140.0,140.5,141.0,22,37,141,65,112,139.5,140.5,138.5,139.5,153,126,2.0
20230309,2377,138.5,1,843,113005479,138.5,138.0,137.5,137.0,136.5,84,77,70,164,25,139.0,139.5,140.0,140.5,141.0,23,37,141,65,111,139.5,140.5,138.5,139.5,153,126,2.0
20230309,2377,138.5,1,844,113043913,138.5,138.0,137.5,137.0,136.5,84,77,70,167,25,139.0,139.5,140.0,140.5,141.0,23,37,141,65,111,139.5,140.5,138.5,139.5,153,126,2.0
20230309,2377,138.5,1,845,113112198,138.5,138.0,137.5,137.0,136.5,83,78,70,167,25,139.0,139.5,140.0,140.5,141.0,22,37,141,66,111,139.5,140.5,138.5,139.5,153,126,2.0
20230309,2377,138.5,1,846,113130175,138.5,138.0,137.5,137.0,136.5,82,78,70,167,25,139.0,139.5,140.0,140.5,141.0,22,37,141,66,111,139.5,140.5,138.5,139.5,153,126,2.0
20230309,2377,138.5,1,847,113142020,138.5,138.0,137.5,137.0,136.5,82,78,70,168,25,139.0,139.5,140.0,140.5,141.0,22,37,142,67,111,139.5,140.5,138.5,139.5,153,126,2.0
20230309,2377,138.5,1,848,113234782,138.5,138.0,137.5,137.0,136.5,82,78,70,169,25,139.0,139.5,140.0,140.5,141.0,23,37,142,67,111,139.5,140.5,138.5,139.5,153,126,2.0
20230309,2377,138.5,1,849,113306379,138.5,138.0,137.5,137.0,136.5,85,79,70,169,25,139.0,139.5,140.0,140.5,141.0,23,37,143,66,111,139.5,140.5,138.5,139.5,153,126,2.0
20230309,2377,138.5,1,850,113354142,138.5,138.0,137.5,137.0,136.5,84,80,70,169,25,139.0,139.5,140.0,140.5,141.0,23,37,143,66,111,139.5,140.5,138.5,139.5,153,126,2.0
20230309,2377,138.5,1,851,113408681,138.5,138.0,137.5,137.0,136.5,84,80,70,169,25,139.0,139.5,140.0,140.5,141.0,23,37,143,66,112,139.5,140.5,138.5,139.5,153,126,2.0
20230309,2377,138.5,1,852,113512352,138.5,138.0,137.5,137.0,136.5,83,80,70,169,25,139.0,139.5,140.0,140.5,141.0,22,37,143,67,112,139.5,140.5,138.5,139.5,153,126,2.0
20230309,2377,138.5,1,853,113533478,138.5,138.0,137.5,137.0,136.5,82,80,70,168,25,139.0,139.5,140.0,140.5,141.0,22,37,143,67,112,139.5,140.5,138.5,139.5,153,126,1.0
20230309,2377,139.0,1,854,113536587,138.5,138.0,137.5,137.0,136.5,82,80,70,168,25,139.0,139.5,140.0,140.5,141.0,21,37,143,67,112,139.5,140.5,138.5,139.5,153,126,0.0
20230309,2377,138.5,1,855,113607216,138.5,138.0,137.5,137.0,136.5,81,80,70,168,25,139.0,139.5,140.0,140.5,141.0,21,37,143,67,112,139.5,140.5,138.5,139.5,153,126,2.0
20230309,2377,138.5,1,856,113614706,138.5,138.0,137.5,137.0,136.5,81,81,71,168,25,139.0,139.5,140.0,140.5,141.0,22,37,143,66,113,139.5,140.5,138.5,139.5,153,126,2.0
20230309,2377,138.5,1,857,113701027,138.5,138.0,137.5,137.0,136.5,80,81,71,168,25,139.0,139.5,140.0,140.5,141.0,23,37,143,66,113,139.5,140.5,138.5,139.5,153,126,2.0
20230309,2377,138.5,1,858,113755015,138.5,138.0,137.5,137.0,136.5,79,81,71,169,25,139.0,139.5,140.0,140.5,141.0,23,37,143,67,113,139.5,140.5,138.5,139.5,153,126,2.0
20230309,2377,138.5,1,859,113819205,138.5,138.0,137.5,137.0,136.5,82,82,71,169,24,139.0,139.5,140.0,140.5,141.0,24,37,143,67,113,139.5,140.5,138.5,139.5,153,126,2.0
20230309,2377,138.5,1,860,113916590,138.5,138.0,137.5,137.0,136.5,81,82,71,172,24,139.0,139.5,140.0,140.5,141.0,25,38,144,66,113,139.5,140.5,138.5,139.5,153,126,2.0
20230309,2377,138.5,1,861,114005798,138.5,138.0,137.5,137.0,136.5,80,82,71,172,24,139.0,139.5,140.0,140.5,141.0,25,38,144,66,113,139.5,140.5,138.5,139.5,153,126,2.0
20230309,2377,138.5,1,862,114032053,138.5,138.0,137.5,137.0,136.5,84,82,71,172,24,139.0,139.5,140.0,140.5,141.0,26,38,144,67,113,139.5,140.5,138.5,139.5,153,126,2.0
20230309,2377,138.5,1,863,114054499,138.5,138.0,137.5,137.0,136.5,89,83,71,172,24,139.0,139.5,140.0,140.5,141.0,26,38,143,66,113,139.5,140.5,138.5,139.5,153,126,2.0
20230309,2377,138.5,1,864,114243983,138.5,138.0,137.5,137.0,136.5,88,83,71,172,24,139.0,139.5,140.0,140.5,141.0,26,38,143,66,113,139.5,140.5,138.5,139.5,153,126,2.0
20230309,2377,138.5,1,865,114252162,138.5,138.0,137.5,137.0,136.5,87,83,71,172,24,139.0,139.5,140.0,140.5,141.0,25,38,143,66,113,139.5,140.5,138.5,139.5,153,126,2.0
20230309,2377,138.5,1,866,114257837,138.5,138.0,137.5,137.0,136.5,88,84,71,172,21,139.0,139.5,140.0,140.5,141.0,26,38,143,67,113,139.5,140.5,138.5,139.5,153,126,1.0
20230309,2377,139.0,1,867,114428552,138.5,138.0,137.5,137.0,136.5,92,84,71,172,21,139.0,139.5,140.0,140.5,141.0,26,38,143,67,113,139.5,140.5,138.5,139.5,153,126,0.0
20230309,2377,138.5,1,868,114446808,138.5,138.0,137.5,137.0,136.5,90,85,71,172,21,139.0,139.5,140.0,140.5,141.0,26,38,143,66,113,139.5,140.5,138.5,139.5,153,126,2.0
20230309,2377,138.5,1,869,114457173,138.5,138.0,137.5,137.0,136.5,89,85,71,172,21,139.0,139.5,140.0,140.5,141.0,26,38,143,66,113,139.5,140.5,138.5,139.5,153,126,1.0
20230309,2377,139.0,1,870,114458904,138.5,138.0,137.5,137.0,136.5,82,85,72,172,22,139.0,139.5,140.0,140.5,141.0,28,39,143,66,113,139.5,140.5,138.5,139.5,153,126,2.0
20230309,2377,139.0,1,871,114607442,138.5,138.0,137.5,137.0,136.5,84,85,73,173,22,139.0,139.5,140.0,140.5,141.0,27,39,143,66,113,139.5,140.5,138.5,139.5,153,126,0.0
20230309,2377,138.5,1,872,114652404,138.5,138.0,137.5,137.0,136.5,84,85,73,174,22,139.0,139.5,140.0,140.5,141.0,26,39,143,66,113,139.5,140.5,138.5,139.5,153,126,2.0
20230309,2377,138.5,1,873,114709248,138.5,138.0,137.5,137.0,136.5,83,86,73,177,22,139.0,139.5,140.0,140.5,141.0,28,39,143,66,113,139.5,140.5,138.5,139.5,153,126,1.0
20230309,2377,139.0,3,876,114851383,138.5,138.0,137.5,137.0,136.5,83,86,73,177,22,139.0,139.5,140.0,140.5,141.0,25,39,143,66,114,139.5,140.5,138.5,139.5,153,126,0.0
20230309,2377,138.5,1,877,114922091,138.5,138.0,137.5,137.0,136.5,82,87,73,178,22,139.0,139.5,140.0,140.5,141.0,27,39,143,66,114,139.5,140.5,138.5,139.5,153,126,2.0
20230309,2377,138.5,1,878,115027930,138.5,138.0,137.5,137.0,136.5,81,87,73,178,22,139.0,139.5,140.0,140.5,141.0,27,39,143,66,114,139.5,140.5,138.5,139.5,153,126,2.0
20230309,2377,138.5,1,879,115052212,138.5,138.0,137.5,137.0,136.5,82,87,73,178,22,139.0,139.5,140.0,140.5,141.0,27,38,143,66,114,139.5,140.5,138.5,139.5,153,126,2.0
20230309,2377,138.5,1,880,115134022,138.5,138.0,137.5,137.0,136.5,81,87,73,178,22,139.0,139.5,140.0,140.5,141.0,28,38,144,66,114,139.5,140.5,138.5,139.5,153,126,2.0
20230309,2377,138.5,1,881,115346124,138.5,138.0,137.5,137.0,136.5,80,86,73,178,22,139.0,139.5,140.0,140.5,141.0,34,38,145,67,114,139.5,140.5,138.5,139.5,153,126,2.0
20230309,2377,138.5,1,882,115452345,138.5,138.0,137.5,137.0,136.5,76,85,73,179,22,139.0,139.5,140.0,140.5,141.0,47,39,146,67,114,139.5,140.5,138.5,139.5,153,126,2.0
20230309,2377,138.5,1,883,115559207,138.5,138.0,137.5,137.0,136.5,75,85,73,179,22,139.0,139.5,140.0,140.5,141.0,47,39,146,67,114,139.5,140.5,138.5,139.5,153,126,2.0
20230309,2377,138.5,1,884,115559271,138.5,138.0,137.5,137.0,136.5,79,84,78,181,22,139.0,139.5,140.0,140.5,141.0,56,39,146,67,114,139.5,140.5,138.5,139.5,153,126,2.0
20230309,2377,138.5,1,885,115811268,138.5,138.0,137.5,137.0,136.5,78,84,78,181,22,139.0,139.5,140.0,140.5,141.0,48,39,146,67,114,139.5,140.5,138.5,139.5,153,126,1.0
20230309,2377,139.0,1,886,115825847,138.5,138.0,137.5,137.0,136.5,78,84,78,181,22,139.0,139.5,140.0,140.5,141.0,47,39,146,67,114,139.5,140.5,138.5,139.5,153,126,0.0
20230309,2377,138.5,1,887,115832317,138.5,138.0,137.5,137.0,136.5,77,85,78,181,22,139.0,139.5,140.0,140.5,141.0,54,39,146,67,114,139.5,140.5,138.5,139.5,153,126,2.0
20230309,2377,138.5,1,888,115903482,138.5,138.0,137.5,137.0,136.5,82,85,78,182,22,139.0,139.5,140.0,140.5,141.0,42,39,146,68,113,139.5,140.5,138.5,139.5,153,126,1.0
20230309,2377,139.0,2,890,120014530,138.5,138.0,137.5,137.0,136.5,82,85,78,182,22,139.0,139.5,140.0,140.5,141.0,40,39,146,68,113,139.5,140.5,138.5,139.5,153,126,0.0
20230309,2377,138.5,1,891,120024048,138.5,138.0,137.5,137.0,136.5,82,84,78,182,22,139.0,139.5,140.0,140.5,141.0,40,39,146,68,113,139.5,140.5,138.5,139.5,153,126,1.0
20230309,2377,139.0,1,892,120121220,138.5,138.0,137.5,137.0,136.5,83,82,80,182,22,139.0,139.5,140.0,140.5,141.0,47,39,146,69,113,139.5,140.5,138.5,139.5,153,126,0.0
20230309,2377,138.5,1,893,120232165,138.5,138.0,137.5,137.0,136.5,82,82,80,182,22,139.0,139.5,140.0,140.5,141.0,46,39,146,69,113,139.5,140.5,138.5,139.5,153,126,2.0
20230309,2377,138.5,1,894,120235992,138.5,138.0,137.5,137.0,136.5,86,89,79,183,22,139.0,139.5,140.0,140.5,141.0,47,39,146,69,113,139.5,140.5,138.5,139.5,153,126,2.0
20230309,2377,138.5,1,895,120449168,138.5,138.0,137.5,137.0,136.5,85,89,79,183,22,139.0,139.5,140.0,140.5,141.0,47,39,151,69,113,139.5,140.5,138.5,139.5,153,126,1.0
20230309,2377,139.0,1,896,120502311,138.5,138.0,137.5,137.0,136.5,87,90,79,186,22,139.0,139.5,140.0,140.5,141.0,38,39,151,69,114,139.5,140.5,138.5,139.5,153,126,2.0
20230309,2377,139.0,1,897,120621864,138.5,138.0,137.5,137.0,136.5,87,90,79,186,22,139.0,139.5,140.0,140.5,141.0,39,39,151,69,114,139.5,140.5,138.5,139.5,153,126,0.0
20230309,2377,138.5,1,898,120632400,138.5,138.0,137.5,137.0,136.5,128,90,79,186,22,139.0,139.5,140.0,140.5,141.0,35,39,151,69,114,139.5,140.5,138.5,139.5,153,126,1.0
20230309,2377,139.0,5,903,120632634,138.5,138.0,137.5,137.0,136.5,128,90,79,186,22,139.0,139.5,140.0,140.5,141.0,27,39,151,69,114,139.5,140.5,138.5,139.5,153,126,2.0
20230309,2377,139.0,27,930,120632667,139.0,138.5,138.0,137.5,137.0,5,126,90,85,172,139.5,140.0,140.5,141.0,141.5,50,151,76,122,60,139.5,140.5,138.5,139.5,153,126,1.0
20230309,2377,139.5,4,934,120633557,139.0,138.5,138.0,137.5,137.0,12,118,94,81,172,139.5,140.0,140.5,141.0,141.5,46,134,94,122,60,139.5,140.5,138.5,139.5,153,126,0.0
20230309,2377,139.0,12,946,120635761,138.5,138.0,137.5,137.0,136.5,96,90,92,174,16,139.5,140.0,140.5,141.0,141.5,50,142,98,112,58,139.5,140.5,138.5,139.5,153,126,1.0
20230309,2377,139.5,2,948,120642192,138.5,138.0,137.5,137.0,136.5,96,90,92,174,16,139.5,140.0,140.5,141.0,141.5,84,146,94,112,58,139.5,140.5,138.5,139.5,153,126,2.0
20230309,2377,139.5,3,951,120644446,138.5,138.0,137.5,137.0,136.5,96,90,92,174,16,139.5,140.0,140.5,141.0,141.5,81,146,94,112,58,139.5,140.5,138.5,139.5,153,126,0.0
20230309,2377,138.5,1,952,120644467,138.5,138.0,137.5,137.0,136.5,95,94,88,174,16,139.5,140.0,140.5,141.0,141.5,88,134,99,112,58,139.5,140.5,138.5,139.5,153,126,2.0
20230309,2377,138.5,1,953,120644500,138.5,138.0,137.5,137.0,136.5,94,94,88,174,16,139.5,140.0,140.5,141.0,141.5,88,134,99,112,58,139.5,140.5,138.5,139.5,153,126,2.0
20230309,2377,138.5,1,954,120645937,138.5,138.0,137.5,137.0,136.5,95,94,88,174,19,139.0,139.5,140.0,140.5,141.0,13,72,130,97,112,139.5,140.5,138.5,139.5,153,126,2.0
20230309,2377,138.5,1,955,120649239,138.5,138.0,137.5,137.0,136.5,95,95,88,174,19,139.0,139.5,140.0,140.5,141.0,13,32,130,97,106,139.5,140.5,138.5,139.5,153,126,2.0
20230309,2377,138.5,1,956,120701238,138.5,138.0,137.5,137.0,136.5,99,95,88,174,19,139.0,139.5,140.0,140.5,141.0,14,33,132,97,106,139.5,140.5,138.5,139.5,153,126,1.0
20230309,2377,139.0,1,957,120740731,138.5,138.0,137.5,137.0,136.5,98,91,92,174,19,139.0,139.5,140.0,140.5,141.0,24,33,144,85,106,139.5,140.5,138.5,139.5,153,126,2.0
20230309,2377,139.0,1,958,120822363,138.5,138.0,137.5,137.0,136.5,98,91,92,174,19,139.0,139.5,140.0,140.5,141.0,15,32,144,85,106,139.5,140.5,138.5,139.5,153,126,2.0
20230309,2377,139.0,1,959,120846404,138.5,138.0,137.5,137.0,136.5,98,91,92,174,19,139.0,139.5,140.0,140.5,141.0,14,32,144,85,106,139.5,140.5,138.5,139.5,153,126,2.0
20230309,2377,139.0,1,960,120901428,138.5,138.0,137.5,137.0,136.5,98,91,92,174,19,139.0,139.5,140.0,140.5,141.0,14,33,144,85,106,139.5,140.5,138.5,139.5,153,126,0.0
20230309,2377,138.5,1,961,120913093,138.5,138.0,137.5,137.0,136.5,100,91,92,174,22,139.0,139.5,140.0,140.5,141.0,14,33,144,85,106,139.5,140.5,138.5,139.5,153,126,1.0
20230309,2377,139.0,1,962,120917132,138.5,138.0,137.5,137.0,136.5,101,91,92,174,22,139.0,139.5,140.0,140.5,141.0,13,33,145,85,106,139.5,140.5,138.5,139.5,153,126,2.0
20230309,2377,139.0,1,963,121007238,138.5,138.0,137.5,137.0,136.5,100,92,92,174,22,139.0,139.5,140.0,140.5,141.0,12,33,145,85,106,139.5,140.5,138.5,139.5,153,126,2.0
20230309,2377,139.0,1,964,121017671,138.5,138.0,137.5,137.0,136.5,100,92,91,174,22,139.0,139.5,140.0,140.5,141.0,11,33,145,85,106,139.5,140.5,138.5,139.5,153,126,2.0
20230309,2377,139.0,1,965,121020586,138.5,138.0,137.5,137.0,136.5,104,92,91,174,22,139.0,139.5,140.0,140.5,141.0,11,33,145,85,106,139.5,140.5,138.5,139.5,153,126,0.0
20230309,2377,138.5,1,966,121126033,138.5,138.0,137.5,137.0,136.5,103,92,91,174,22,139.0,139.5,140.0,140.5,141.0,12,33,145,85,106,139.5,140.5,138.5,139.5,153,126,1.0
20230309,2377,139.0,1,967,121140593,138.5,138.0,137.5,137.0,136.5,103,92,91,174,22,139.0,139.5,140.0,140.5,141.0,10,34,145,84,106,139.5,140.5,138.5,139.5,153,126,2.0
20230309,2377,139.0,1,968,121148177,138.5,138.0,137.5,137.0,136.5,103,92,91,174,22,139.0,139.5,140.0,140.5,141.0,11,34,145,84,106,139.5,140.5,138.5,139.5,153,126,2.0
20230309,2377,139.0,1,969,121158635,138.5,138.0,137.5,137.0,136.5,103,92,91,174,22,139.0,139.5,140.0,140.5,141.0,10,34,145,84,106,139.5,140.5,138.5,139.5,153,126,2.0
20230309,2377,139.0,1,970,121218133,138.5,138.0,137.5,137.0,136.5,102,92,91,174,21,139.0,139.5,140.0,140.5,141.0,9,34,145,84,106,139.5,140.5,138.5,139.5,153,126,2.0
20230309,2377,139.0,1,971,121301616,138.5,138.0,137.5,137.0,136.5,102,92,91,174,21,139.0,139.5,140.0,140.5,141.0,9,34,145,84,106,139.5,140.5,138.5,139.5,153,126,2.0
20230309,2377,139.0,1,972,121310775,138.5,138.0,137.5,137.0,136.5,103,92,91,174,21,139.0,139.5,140.0,140.5,141.0,8,34,145,84,106,139.5,140.5,138.5,139.5,153,126,0.0
20230309,2377,138.5,1,973,121338113,138.5,138.0,137.5,137.0,136.5,104,92,91,174,21,139.0,139.5,140.0,140.5,141.0,31,29,138,81,106,139.5,140.5,138.5,139.5,153,126,2.0
20230309,2377,138.5,1,974,121415859,138.5,138.0,137.5,137.0,136.5,103,92,91,174,21,139.0,139.5,140.0,140.5,141.0,32,30,138,81,106,139.5,140.5,138.5,139.5,153,126,1.0
20230309,2377,139.0,1,975,121420693,138.5,138.0,137.5,137.0,136.5,103,92,92,177,21,139.0,139.5,140.0,140.5,141.0,31,30,138,81,106,139.5,140.5,138.5,139.5,153,126,2.0
20230309,2377,139.0,1,976,121502591,138.5,138.0,137.5,137.0,136.5,102,92,92,177,21,139.0,139.5,140.0,140.5,141.0,30,30,138,81,106,139.5,140.5,138.5,139.5,153,126,2.0
20230309,2377,139.0,1,977,121517333,138.5,138.0,137.5,137.0,136.5,102,92,92,177,21,139.0,139.5,140.0,140.5,141.0,29,30,138,81,106,139.5,140.5,138.5,139.5,153,126,2.0
20230309,2377,139.0,1,978,121518359,138.5,138.0,137.5,137.0,136.5,102,91,92,176,21,139.0,139.5,140.0,140.5,141.0,20,30,138,81,106,139.5,140.5,138.5,139.5,153,126,2.0
20230309,2377,139.0,1,979,121540741,138.5,138.0,137.5,137.0,136.5,102,91,92,176,21,139.0,139.5,140.0,140.5,141.0,19,30,138,81,106,139.5,140.5,138.5,139.5,153,126,0.0
20230309,2377,138.5,1,980,121551200,138.5,138.0,137.5,137.0,136.5,101,90,92,176,22,139.0,139.5,140.0,140.5,141.0,30,31,136,81,106,139.5,140.5,138.5,139.5,153,126,1.0
20230309,2377,139.0,1,981,121701704,138.5,138.0,137.5,137.0,136.5,102,90,92,176,22,139.0,139.5,140.0,140.5,141.0,24,31,137,81,106,139.5,140.5,138.5,139.5,153,126,0.0
20230309,2377,138.5,1,982,121803269,138.5,138.0,137.5,137.0,136.5,101,90,92,176,22,139.0,139.5,140.0,140.5,141.0,24,31,137,81,106,139.5,140.5,138.5,139.5,153,126,1.0
20230309,2377,139.0,1,983,121820991,138.5,138.0,137.5,137.0,136.5,101,90,92,176,22,139.0,139.5,140.0,140.5,141.0,23,31,137,81,106,139.5,140.5,138.5,139.5,153,126,0.0
20230309,2377,138.5,1,984,121829925,138.5,138.0,137.5,137.0,136.5,100,90,92,176,22,139.0,139.5,140.0,140.5,141.0,22,31,137,81,106,139.5,140.5,138.5,139.5,153,126,1.0
20230309,2377,139.0,1,985,121850242,138.5,138.0,137.5,137.0,136.5,99,88,94,176,22,139.0,139.5,140.0,140.5,141.0,18,35,137,81,106,139.5,140.5,138.5,139.5,153,126,2.0
20230309,2377,139.0,1,986,121940867,138.5,138.0,137.5,137.0,136.5,99,88,94,176,22,139.0,139.5,140.0,140.5,141.0,18,35,137,81,106,139.5,140.5,138.5,139.5,153,126,0.0
20230309,2377,138.5,1,987,122016051,138.5,138.0,137.5,137.0,136.5,98,88,95,176,22,139.0,139.5,140.0,140.5,141.0,18,37,136,81,106,139.5,140.5,138.5,139.5,153,126,1.0
20230309,2377,139.0,1,988,122101644,138.5,138.0,137.5,137.0,136.5,98,88,95,176,22,139.0,139.5,140.0,140.5,141.0,17,37,136,81,106,139.5,140.5,138.5,139.5,153,126,2.0
20230309,2377,139.0,10,998,122118208,138.5,138.0,137.5,137.0,136.5,98,90,93,176,22,139.0,139.5,140.0,140.5,141.0,8,38,136,81,106,139.5,140.5,138.5,139.5,153,126,2.0
20230309,2377,139.0,1,999,122149607,138.5,138.0,137.5,137.0,136.5,98,90,93,176,22,139.0,139.5,140.0,140.5,141.0,7,38,136,81,106,139.5,140.5,138.5,139.5,153,126,2.0
20230309,2377,139.0,1,1000,122220851,138.5,138.0,137.5,137.0,136.5,102,90,93,176,22,139.0,139.5,140.0,140.5,141.0,6,38,136,81,106,139.5,140.5,138.5,139.5,153,126,0.0
20230309,2377,138.5,1,1001,122227989,138.5,138.0,137.5,137.0,136.5,105,91,93,178,22,139.0,139.5,140.0,140.5,141.0,7,34,136,81,106,139.5,140.5,138.5,139.5,153,126,1.0
20230309,2377,139.0,1,1002,122341011,138.5,138.0,137.5,137.0,136.5,105,92,92,178,21,139.0,139.5,140.0,140.5,141.0,7,34,136,81,106,139.5,140.5,138.5,139.5,153,126,2.0
20230309,2377,139.0,1,1003,122406520,138.5,138.0,137.5,137.0,136.5,105,92,92,178,21,139.0,139.5,140.0,140.5,141.0,14,33,136,81,108,139.5,140.5,138.5,139.5,153,126,2.0
20230309,2377,139.0,1,1004,122431002,138.5,138.0,137.5,137.0,136.5,105,92,92,178,21,139.0,139.5,140.0,140.5,141.0,13,33,136,81,108,139.5,140.5,138.5,139.5,153,126,0.0
20230309,2377,138.5,1,1005,122441170,138.5,138.0,137.5,137.0,136.5,104,91,92,178,21,139.0,139.5,140.0,140.5,141.0,13,33,136,81,108,139.5,140.5,138.5,139.5,153,126,1.0
20230309,2377,139.0,1,1006,122501908,138.5,138.0,137.5,137.0,136.5,105,91,92,178,21,139.0,139.5,140.0,140.5,141.0,12,33,136,81,108,139.5,140.5,138.5,139.5,153,126,2.0
20230309,2377,139.0,3,1009,122528354,138.5,138.0,137.5,137.0,136.5,104,92,92,177,21,139.0,139.5,140.0,140.5,141.0,12,33,136,81,108,139.5,140.5,138.5,139.5,153,126,2.0
20230309,2377,139.0,1,1010,122546167,138.5,138.0,137.5,137.0,136.5,105,92,92,177,21,139.0,139.5,140.0,140.5,141.0,12,33,136,81,108,139.5,140.5,138.5,139.5,153,126,2.0
20230309,2377,139.0,1,1011,122621079,138.5,138.0,137.5,137.0,136.5,106,92,92,177,21,139.0,139.5,140.0,140.5,141.0,12,34,136,81,108,139.5,140.5,138.5,139.5,153,126,0.0
20230309,2377,138.5,1,1012,122653240,138.5,138.0,137.5,137.0,136.5,105,92,92,177,21,139.0,139.5,140.0,140.5,141.0,13,34,136,81,109,139.5,140.5,138.5,139.5,153,126,1.0
20230309,2377,139.0,1,1013,122741206,138.5,138.0,137.5,137.0,136.5,105,92,92,177,21,139.0,139.5,140.0,140.5,141.0,14,34,136,81,109,139.5,140.5,138.5,139.5,153,126,2.0
20230309,2377,139.0,1,1014,122901976,138.5,138.0,137.5,137.0,136.5,105,92,92,177,21,139.0,139.5,140.0,140.5,141.0,14,34,136,81,109,139.5,140.5,138.5,139.5,153,126,0.0
20230309,2377,138.5,1,1015,122905103,138.5,138.0,137.5,137.0,136.5,104,92,92,177,21,139.0,139.5,140.0,140.5,141.0,14,34,136,81,109,139.5,140.5,138.5,139.5,153,126,1.0
20230309,2377,139.0,1,1016,122908444,138.5,138.0,137.5,137.0,136.5,106,92,92,177,21,139.0,139.5,140.0,140.5,141.0,15,34,136,82,109,139.5,140.5,138.5,139.5,153,126,2.0
20230309,2377,139.0,1,1017,122933182,138.5,138.0,137.5,137.0,136.5,106,93,92,177,21,139.0,139.5,140.0,140.5,141.0,14,34,136,82,109,139.5,140.5,138.5,139.5,153,126,2.0
20230309,2377,139.0,1,1018,123001927,138.5,138.0,137.5,137.0,136.5,105,93,92,177,21,139.0,139.5,140.0,140.5,141.0,13,34,140,82,109,139.5,140.5,138.5,139.5,153,126,2.0
20230309,2377,139.0,1,1019,123021202,138.5,138.0,137.5,137.0,136.5,105,94,92,177,22,139.0,139.5,140.0,140.5,141.0,12,41,140,82,109,139.5,140.5,138.5,139.5,153,126,0.0
20230309,2377,138.5,1,1020,123118038,138.5,138.0,137.5,137.0,136.5,104,94,92,177,22,139.0,139.5,140.0,140.5,141.0,15,41,143,80,109,139.5,140.5,138.5,139.5,153,126,1.0
20230309,2377,139.0,1,1021,123141230,138.5,138.0,137.5,137.0,136.5,104,94,92,179,22,139.0,139.5,140.0,140.5,141.0,20,41,143,80,109,139.5,140.5,138.5,139.5,153,126,2.0
20230309,2377,139.0,1,1022,123302088,138.5,138.0,137.5,137.0,136.5,104,94,92,179,22,139.0,139.5,140.0,140.5,141.0,13,41,143,80,109,139.5,140.5,138.5,139.5,153,126,0.0
20230309,2377,138.5,1,1023,123330085,138.5,138.0,137.5,137.0,136.5,103,94,92,179,22,139.0,139.5,140.0,140.5,141.0,19,41,143,80,109,139.5,140.5,138.5,139.5,153,126,2.0
20230309,2377,138.5,1,1024,123357898,138.5,138.0,137.5,137.0,136.5,102,94,92,179,22,139.0,139.5,140.0,140.5,141.0,12,41,143,80,109,139.5,140.5,138.5,139.5,153,126,1.0
20230309,2377,139.0,1,1025,123421332,138.5,138.0,137.5,137.0,136.5,102,94,92,179,22,139.0,139.5,140.0,140.5,141.0,12,41,143,80,109,139.5,140.5,138.5,139.5,153,126,2.0
20230309,2377,139.0,1,1026,123440185,138.5,138.0,137.5,137.0,136.5,102,94,92,179,22,139.0,139.5,140.0,140.5,141.0,11,41,143,80,109,139.5,140.5,138.5,139.5,153,126,2.0
20230309,2377,139.0,2,1028,123444758,138.5,138.0,137.5,137.0,136.5,105,94,92,179,22,139.0,139.5,140.0,140.5,141.0,10,41,145,80,109,139.5,140.5,138.5,139.5,153,126,2.0
20230309,2377,139.0,1,1029,123500250,138.5,138.0,137.5,137.0,136.5,105,94,92,179,22,139.0,139.5,140.0,140.5,141.0,9,41,145,80,109,139.5,140.5,138.5,139.5,153,126,2.0
20230309,2377,139.0,4,1033,123522402,138.5,138.0,137.5,137.0,136.5,105,94,92,179,22,139.0,139.5,140.0,140.5,141.0,12,41,145,80,109,139.5,140.5,138.5,139.5,153,126,2.0
20230309,2377,139.0,1,1034,123542046,138.5,138.0,137.5,137.0,136.5,105,94,92,179,22,139.0,139.5,140.0,140.5,141.0,11,41,145,80,109,139.5,140.5,138.5,139.5,153,126,0.0
20230309,2377,138.5,1,1035,123543198,138.5,138.0,137.5,137.0,136.5,112,93,92,179,22,139.0,139.5,140.0,140.5,141.0,21,41,150,80,107,139.5,140.5,138.5,139.5,153,126,1.0
20230309,2377,139.0,1,1036,123624251,138.5,138.0,137.5,137.0,136.5,112,93,92,179,22,139.0,139.5,140.0,140.5,141.0,20,41,150,80,107,139.5,140.5,138.5,139.5,153,126,2.0
20230309,2377,139.0,1,1037,123638967,138.5,138.0,137.5,137.0,136.5,112,93,92,179,22,139.0,139.5,140.0,140.5,141.0,19,41,150,80,107,139.5,140.5,138.5,139.5,153,126,2.0
20230309,2377,139.0,1,1038,123702331,138.5,138.0,137.5,137.0,136.5,112,94,93,179,22,139.0,139.5,140.0,140.5,141.0,6,41,150,74,107,139.5,140.5,138.5,139.5,153,126,0.0
20230309,2377,138.5,1,1039,123755264,138.5,138.0,137.5,137.0,136.5,112,94,93,179,22,139.0,139.5,140.0,140.5,141.0,6,41,150,74,107,139.5,140.5,138.5,139.5,153,126,1.0
20230309,2377,139.0,1,1040,123820525,138.5,138.0,137.5,137.0,136.5,113,93,93,179,22,139.0,139.5,140.0,140.5,141.0,19,51,151,72,107,139.5,140.5,138.5,139.5,153,126,2.0
20230309,2377,139.0,1,1041,123940362,138.5,138.0,137.5,137.0,136.5,113,93,93,179,22,139.0,139.5,140.0,140.5,141.0,18,51,151,72,107,139.5,140.5,138.5,139.5,153,126,2.0
20230309,2377,139.0,2,1043,123942611,138.5,138.0,137.5,137.0,136.5,113,93,93,179,22,139.0,139.5,140.0,140.5,141.0,15,51,151,72,107,139.5,140.5,138.5,139.5,153,126,0.0
20230309,2377,138.5,1,1044,124008061,138.5,138.0,137.5,137.0,136.5,113,93,93,182,22,139.0,139.5,140.0,140.5,141.0,9,54,151,72,107,139.5,140.5,138.5,139.5,153,126,1.0
20230309,2377,139.0,1,1045,124101283,138.5,138.0,137.5,137.0,136.5,113,93,93,182,22,139.0,139.5,140.0,140.5,141.0,8,54,151,72,107,139.5,140.5,138.5,139.5,153,126,2.0
20230309,2377,139.0,1,1046,124102134,138.5,138.0,137.5,137.0,136.5,113,98,93,182,22,139.0,139.5,140.0,140.5,141.0,14,54,151,72,107,139.5,140.5,138.5,139.5,153,126,0.0
20230309,2377,138.5,1,1047,124105760,138.5,138.0,137.5,137.0,136.5,112,98,93,182,22,139.0,139.5,140.0,140.5,141.0,9,54,151,72,107,139.5,140.5,138.5,139.5,153,126,2.0
20230309,2377,138.5,1,1048,124220003,138.5,138.0,137.5,137.0,136.5,111,98,93,182,22,139.0,139.5,140.0,140.5,141.0,9,54,151,72,107,139.5,140.5,138.5,139.5,153,126,1.0
20230309,2377,139.0,1,1049,124220539,138.5,138.0,137.5,137.0,136.5,111,100,93,182,22,139.0,139.5,140.0,140.5,141.0,14,51,151,72,107,139.5,140.5,138.5,139.5,153,126,2.0
20230309,2377,139.0,1,1050,124326145,138.5,138.0,137.5,137.0,136.5,111,100,93,182,22,139.0,139.5,140.0,140.5,141.0,15,51,151,72,107,139.5,140.5,138.5,139.5,153,126,2.0
20230309,2377,139.0,1,1051,124340573,138.5,138.0,137.5,137.0,136.5,113,99,93,182,22,139.0,139.5,140.0,140.5,141.0,14,53,152,72,107,139.5,140.5,138.5,139.5,153,126,0.0
20230309,2377,138.5,1,1052,124432170,138.5,138.0,137.5,137.0,136.5,112,99,93,182,22,139.0,139.5,140.0,140.5,141.0,14,53,152,73,107,139.5,140.5,138.5,139.5,153,126,1.0
20230309,2377,139.0,1,1053,124501901,138.5,138.0,137.5,137.0,136.5,112,99,93,182,22,139.0,139.5,140.0,140.5,141.0,13,53,152,73,107,139.5,140.5,138.5,139.5,153,126,2.0
20230309,2377,139.0,1,1054,124516593,138.5,138.0,137.5,137.0,136.5,113,99,93,182,22,139.0,139.5,140.0,140.5,141.0,12,54,152,73,107,139.5,140.5,138.5,139.5,153,126,0.0
20230309,2377,138.5,1,1055,124547077,138.5,138.0,137.5,137.0,136.5,120,100,93,182,22,139.0,139.5,140.0,140.5,141.0,12,54,147,73,107,139.5,140.5,138.5,139.5,153,126,1.0
20230309,2377,139.0,1,1056,124620909,138.5,138.0,137.5,137.0,136.5,120,100,93,182,22,139.0,139.5,140.0,140.5,141.0,11,54,147,73,107,139.5,140.5,138.5,139.5,153,126,2.0
20230309,2377,139.0,1,1057,124621346,138.5,138.0,137.5,137.0,136.5,120,100,93,182,22,139.0,139.5,140.0,140.5,141.0,10,54,147,73,107,139.5,140.5,138.5,139.5,153,126,2.0
20230309,2377,139.0,1,1058,124621740,138.5,138.0,137.5,137.0,136.5,119,100,93,182,22,139.0,139.5,140.0,140.5,141.0,14,54,146,73,107,139.5,140.5,138.5,139.5,153,126,2.0
20230309,2377,139.0,1,1059,124626849,138.5,138.0,137.5,137.0,136.5,119,100,93,182,22,139.0,139.5,140.0,140.5,141.0,13,54,146,73,107,139.5,140.5,138.5,139.5,153,126,0.0
20230309,2377,138.5,1,1060,124645245,138.5,138.0,137.5,137.0,136.5,118,100,93,182,22,139.0,139.5,140.0,140.5,141.0,14,54,146,73,107,139.5,140.5,138.5,139.5,153,126,1.0
20230309,2377,139.0,1,1061,124655760,138.5,138.0,137.5,137.0,136.5,117,100,93,181,22,139.0,139.5,140.0,140.5,141.0,15,59,146,73,107,139.5,140.5,138.5,139.5,153,126,2.0
20230309,2377,139.0,1,1062,124740917,138.5,138.0,137.5,137.0,136.5,117,100,93,181,22,139.0,139.5,140.0,140.5,141.0,14,59,146,73,107,139.5,140.5,138.5,139.5,153,126,2.0
20230309,2377,139.0,1,1063,124741563,138.5,138.0,137.5,137.0,136.5,117,100,93,181,22,139.0,139.5,140.0,140.5,141.0,13,59,147,72,107,139.5,140.5,138.5,139.5,153,126,2.0
20230309,2377,139.0,1,1064,124754685,138.5,138.0,137.5,137.0,136.5,118,97,93,182,22,139.0,139.5,140.0,140.5,141.0,15,58,148,72,106,139.5,140.5,138.5,139.5,153,126,2.0
20230309,2377,139.0,1,1065,124835776,138.5,138.0,137.5,137.0,136.5,118,97,93,182,22,139.0,139.5,140.0,140.5,141.0,15,58,148,72,107,139.5,140.5,138.5,139.5,153,126,0.0
20230309,2377,138.5,1,1066,124857113,138.5,138.0,137.5,137.0,136.5,117,97,93,182,22,139.0,139.5,140.0,140.5,141.0,15,58,148,72,107,139.5,140.5,138.5,139.5,153,126,1.0
20230309,2377,139.0,1,1067,124901771,138.5,138.0,137.5,137.0,136.5,117,97,93,185,22,139.0,139.5,140.0,140.5,141.0,14,57,148,72,107,139.5,140.5,138.5,139.5,153,126,2.0
20230309,2377,139.0,1,1068,124946900,138.5,138.0,137.5,137.0,136.5,117,97,93,185,22,139.0,139.5,140.0,140.5,141.0,18,55,148,72,107,139.5,140.5,138.5,139.5,153,126,2.0
20230309,2377,139.0,1,1069,125013332,138.5,138.0,137.5,137.0,136.5,117,97,93,185,22,139.0,139.5,140.0,140.5,141.0,17,55,148,72,107,139.5,140.5,138.5,139.5,153,126,2.0
20230309,2377,139.0,1,1070,125021018,138.5,138.0,137.5,137.0,136.5,118,97,93,185,22,139.0,139.5,140.0,140.5,141.0,17,55,148,72,107,139.5,140.5,138.5,139.5,153,126,0.0
20230309,2377,138.5,1,1071,125110022,138.5,138.0,137.5,137.0,136.5,118,97,93,185,22,139.0,139.5,140.0,140.5,141.0,25,55,145,72,107,139.5,140.5,138.5,139.5,153,126,1.0
20230309,2377,139.0,1,1072,125140860,138.5,138.0,137.5,137.0,136.5,119,97,94,185,22,139.0,139.5,140.0,140.5,141.0,23,54,146,72,107,139.5,140.5,138.5,139.5,153,126,2.0
20230309,2377,139.0,1,1073,125301826,138.5,138.0,137.5,137.0,136.5,119,97,94,185,22,139.0,139.5,140.0,140.5,141.0,22,55,146,71,107,139.5,140.5,138.5,139.5,153,126,0.0
20230309,2377,138.5,1,1074,125322054,138.5,138.0,137.5,137.0,136.5,118,97,94,185,22,139.0,139.5,140.0,140.5,141.0,22,56,146,71,107,139.5,140.5,138.5,139.5,153,126,1.0
20230309,2377,139.0,1,1075,125323036,138.5,138.0,137.5,137.0,136.5,119,97,94,185,22,139.0,139.5,140.0,140.5,141.0,21,56,147,70,107,139.5,140.5,138.5,139.5,153,126,0.0
20230309,2377,138.5,1,1076,125338172,138.5,138.0,137.5,137.0,136.5,117,95,94,185,22,139.0,139.5,140.0,140.5,141.0,22,53,147,70,107,139.5,140.5,138.5,139.5,153,126,1.0
20230309,2377,139.0,1,1077,125414225,138.5,138.0,137.5,137.0,136.5,117,95,94,185,22,139.0,139.5,140.0,140.5,141.0,21,53,147,70,107,139.5,140.5,138.5,139.5,153,126,2.0
20230309,2377,139.0,1,1078,125421207,138.5,138.0,137.5,137.0,136.5,117,95,94,185,22,139.0,139.5,140.0,140.5,141.0,20,53,147,70,107,139.5,140.5,138.5,139.5,153,126,2.0
20230309,2377,139.0,1,1079,125427415,138.5,138.0,137.5,137.0,136.5,117,95,94,185,22,139.0,139.5,140.0,140.5,141.0,23,52,141,65,107,139.5,140.5,138.5,139.5,153,126,2.0
20230309,2377,139.0,20,1099,125514079,138.5,138.0,137.5,137.0,136.5,117,95,94,185,22,139.0,139.5,140.0,140.5,141.0,4,52,141,65,107,139.5,140.5,138.5,139.5,153,126,2.0
20230309,2377,139.0,1,1100,125514182,138.5,138.0,137.5,137.0,136.5,117,95,94,185,22,139.0,139.5,140.0,140.5,141.0,3,52,141,65,107,139.5,140.5,138.5,139.5,153,126,2.0
20230309,2377,139.0,1,1101,125514547,138.5,138.0,137.5,137.0,136.5,117,95,94,185,22,139.0,139.5,140.0,140.5,141.0,5,53,141,65,107,139.5,140.5,138.5,139.5,153,126,2.0
20230309,2377,139.0,3,1104,125523871,138.5,138.0,137.5,137.0,136.5,120,95,94,185,22,139.0,139.5,140.0,140.5,141.0,3,53,141,65,107,139.5,140.5,138.5,139.5,153,126,2.0
20230309,2377,139.0,3,1107,125524175,138.5,138.0,137.5,137.0,136.5,118,95,94,185,22,139.0,139.5,140.0,140.5,141.0,2,94,126,71,107,139.5,140.5,138.5,139.5,153,126,0.0
20230309,2377,138.5,1,1108,125535192,138.5,138.0,137.5,137.0,136.5,117,95,94,185,22,139.0,139.5,140.0,140.5,141.0,2,94,126,71,107,139.5,140.5,138.5,139.5,153,126,1.0
20230309,2377,139.0,1,1109,125535820,138.5,138.0,137.5,137.0,136.5,102,95,94,185,22,139.0,139.5,140.0,140.5,141.0,10,67,133,71,107,139.5,140.5,138.5,139.5,153,126,2.0
20230309,2377,139.0,1,1110,125540043,138.5,138.0,137.5,137.0,136.5,102,95,94,185,22,139.0,139.5,140.0,140.5,141.0,11,67,131,71,107,139.5,140.5,138.5,139.5,153,126,2.0
20230309,2377,139.0,1,1111,125541359,138.5,138.0,137.5,137.0,136.5,102,95,93,186,22,139.0,139.5,140.0,140.5,141.0,8,97,123,71,107,139.5,140.5,138.5,139.5,153,126,2.0
20230309,2377,139.0,1,1112,125557086,138.5,138.0,137.5,137.0,136.5,102,95,93,186,22,139.0,139.5,140.0,140.5,141.0,3,59,135,71,107,139.5,140.5,138.5,139.5,153,126,2.0
20230309,2377,139.0,1,1113,125702228,138.5,138.0,137.5,137.0,136.5,102,95,92,186,22,139.0,139.5,140.0,140.5,141.0,4,59,135,71,107,139.5,140.5,138.5,139.5,153,126,2.0
20230309,2377,139.0,1,1114,125728358,138.5,138.0,137.5,137.0,136.5,103,95,92,186,22,139.0,139.5,140.0,140.5,141.0,7,57,134,71,107,139.5,140.5,138.5,139.5,153,126,0.0
20230309,2377,138.5,1,1115,125747257,138.5,138.0,137.5,137.0,136.5,101,95,92,189,22,139.0,139.5,140.0,140.5,141.0,9,56,134,71,107,139.5,140.5,138.5,139.5,153,126,1.0
20230309,2377,139.0,1,1116,125803479,138.5,138.0,137.5,137.0,136.5,101,95,92,189,22,139.0,139.5,140.0,140.5,141.0,9,56,134,71,107,139.5,140.5,138.5,139.5,153,126,2.0
20230309,2377,139.0,1,1117,125821400,138.5,138.0,137.5,137.0,136.5,109,95,92,189,22,139.0,139.5,140.0,140.5,141.0,8,56,134,71,107,139.5,140.5,138.5,139.5,153,126,0.0
20230309,2377,138.5,1,1118,125823676,138.5,138.0,137.5,137.0,136.5,104,96,92,189,22,139.0,139.5,140.0,140.5,141.0,19,56,134,74,107,139.5,140.5,138.5,139.5,153,126,1.0
20230309,2377,139.0,1,1119,125941166,138.5,138.0,137.5,137.0,136.5,104,96,92,189,22,139.0,139.5,140.0,140.5,141.0,18,56,134,74,107,139.5,140.5,138.5,139.5,153,126,2.0
20230309,2377,139.0,1,1120,125942344,138.5,138.0,137.5,137.0,136.5,104,96,91,189,22,139.0,139.5,140.0,140.5,141.0,16,56,134,74,107,139.5,140.5,138.5,139.5,153,126,0.0
20230309,2377,138.5,1,1121,130000062,138.5,138.0,137.5,137.0,136.5,104,96,90,189,22,139.0,139.5,140.0,140.5,141.0,19,66,133,74,108,139.5,140.5,138.5,139.5,153,126,1.0
20230309,2377,139.0,1,1122,130102995,138.5,138.0,137.5,137.0,136.5,104,96,90,189,22,139.0,139.5,140.0,140.5,141.0,18,66,133,74,108,139.5,140.5,138.5,139.5,153,126,2.0
20230309,2377,139.0,1,1123,130108869,138.5,138.0,137.5,137.0,136.5,98,96,90,189,22,139.0,139.5,140.0,140.5,141.0,25,65,129,74,108,139.5,140.5,138.5,139.5,153,126,0.0
20230309,2377,138.5,1,1124,130138152,138.5,138.0,137.5,137.0,136.5,98,95,90,189,22,139.0,139.5,140.0,140.5,141.0,32,65,129,74,108,139.5,140.5,138.5,139.5,153,126,1.0
20230309,2377,139.0,1,1125,130221351,138.5,138.0,137.5,137.0,136.5,98,95,89,189,22,139.0,139.5,140.0,140.5,141.0,32,65,129,74,108,139.5,140.5,138.5,139.5,153,126,2.0
20230309,2377,139.0,1,1126,130230984,138.5,138.0,137.5,137.0,136.5,98,94,87,189,23,139.0,139.5,140.0,140.5,141.0,33,65,129,73,108,139.5,140.5,138.5,139.5,153,126,2.0
20230309,2377,139.0,1,1127,130341435,138.5,138.0,137.5,137.0,136.5,98,94,87,189,23,139.0,139.5,140.0,140.5,141.0,33,64,129,74,108,139.5,140.5,138.5,139.5,153,126,2.0
20230309,2377,139.0,1,1128,130425171,138.5,138.0,137.5,137.0,136.5,98,94,86,189,23,139.0,139.5,140.0,140.5,141.0,32,62,129,74,118,139.5,140.5,138.5,139.5,153,126,0.0
20230309,2377,138.5,1,1129,130451116,138.5,138.0,137.5,137.0,136.5,97,94,86,189,23,139.0,139.5,140.0,140.5,141.0,32,62,133,74,118,139.5,140.5,138.5,139.5,153,126,1.0
20230309,2377,139.0,1,1130,130501375,138.5,138.0,137.5,137.0,136.5,97,94,86,189,23,139.0,139.5,140.0,140.5,141.0,31,62,133,74,118,139.5,140.5,138.5,139.5,153,126,2.0
20230309,2377,139.0,1,1131,130501799,138.5,138.0,137.5,137.0,136.5,96,94,84,189,23,139.0,139.5,140.0,140.5,141.0,33,64,133,74,118,139.5,140.5,138.5,139.5,153,126,2.0
20230309,2377,139.0,1,1132,130620600,138.5,138.0,137.5,137.0,136.5,96,94,82,192,23,139.0,139.5,140.0,140.5,141.0,43,66,126,74,118,139.5,140.5,138.5,139.5,153,126,2.0
20230309,2377,139.0,1,1133,130738006,138.5,138.0,137.5,137.0,136.5,96,94,82,192,23,139.0,139.5,140.0,140.5,141.0,42,66,126,74,118,139.5,140.5,138.5,139.5,153,126,2.0
20230309,2377,139.0,1,1134,130740813,138.5,138.0,137.5,137.0,136.5,97,94,80,192,23,139.0,139.5,140.0,140.5,141.0,41,66,126,73,118,139.5,140.5,138.5,139.5,153,126,0.0
20230309,2377,138.5,2,1136,130811329,138.5,138.0,137.5,137.0,136.5,94,93,80,192,23,139.0,139.5,140.0,140.5,141.0,41,66,130,73,118,139.5,140.5,138.5,139.5,153,126,1.0
20230309,2377,139.0,1,1137,130820514,138.5,138.0,137.5,137.0,136.5,94,93,80,192,23,139.0,139.5,140.0,140.5,141.0,40,66,130,73,118,139.5,140.5,138.5,139.5,153,126,2.0
20230309,2377,139.0,1,1138,130830081,138.5,138.0,137.5,137.0,136.5,102,93,80,192,23,139.0,139.5,140.0,140.5,141.0,39,66,130,73,118,139.5,140.5,138.5,139.5,153,126,0.0
20230309,2377,138.5,5,1143,130830732,138.5,138.0,137.5,137.0,136.5,97,93,80,192,23,139.0,139.5,140.0,140.5,141.0,40,67,130,73,118,139.5,140.5,138.5,139.5,153,126,1.0
20230309,2377,139.0,1,1144,130831398,138.5,138.0,137.5,137.0,136.5,98,93,80,192,23,139.0,139.5,140.0,140.5,141.0,39,67,130,73,118,139.5,140.5,138.5,139.5,153,126,2.0
20230309,2377,139.0,1,1145,130901511,138.5,138.0,137.5,137.0,136.5,100,90,80,192,23,139.0,139.5,140.0,140.5,141.0,39,66,130,73,118,139.5,140.5,138.5,139.5,153,126,2.0
20230309,2377,139.0,1,1146,131016526,138.5,138.0,137.5,137.0,136.5,99,90,80,192,23,139.0,139.5,140.0,140.5,141.0,38,66,130,73,118,139.5,140.5,138.5,139.5,153,126,2.0
20230309,2377,139.0,1,1147,131020729,138.5,138.0,137.5,137.0,136.5,99,90,80,192,23,139.0,139.5,140.0,140.5,141.0,43,66,130,73,118,139.5,140.5,138.5,139.5,153,126,2.0
20230309,2377,139.0,1,1148,131047327,138.5,138.0,137.5,137.0,136.5,100,90,80,192,23,139.0,139.5,140.0,140.5,141.0,42,66,130,73,118,139.5,140.5,138.5,139.5,153,126,2.0
20230309,2377,139.0,1,1149,131124903,138.5,138.0,137.5,137.0,136.5,100,89,79,192,23,139.0,139.5,140.0,140.5,141.0,42,66,130,73,118,139.5,140.5,138.5,139.5,153,126,2.0
20230309,2377,139.0,1,1150,131140529,138.5,138.0,137.5,137.0,136.5,100,89,79,192,23,139.0,139.5,140.0,140.5,141.0,41,66,130,73,118,139.5,140.5,138.5,139.5,153,126,0.0
20230309,2377,138.5,1,1151,131147277,138.5,138.0,137.5,137.0,136.5,98,88,79,184,23,139.0,139.5,140.0,140.5,141.0,41,65,131,75,118,139.5,140.5,138.5,139.5,153,126,1.0
20230309,2377,139.0,1,1152,131301597,138.5,138.0,137.5,137.0,136.5,98,88,79,184,23,139.0,139.5,140.0,140.5,141.0,40,65,131,75,118,139.5,140.5,138.5,139.5,153,126,2.0
20230309,2377,139.0,1,1153,131301694,138.5,138.0,137.5,137.0,136.5,98,87,79,184,23,139.0,139.5,140.0,140.5,141.0,39,65,131,75,118,139.5,140.5,138.5,139.5,153,126,2.0
20230309,2377,139.0,1,1154,131316702,138.5,138.0,137.5,137.0,136.5,98,87,79,184,23,139.0,139.5,140.0,140.5,141.0,38,65,131,75,118,139.5,140.5,138.5,139.5,153,126,0.0
20230309,2377,138.5,1,1155,131340021,138.5,138.0,137.5,137.0,136.5,98,87,79,184,23,139.0,139.5,140.0,140.5,141.0,39,65,131,75,118,139.5,140.5,138.5,139.5,153,126,1.0
20230309,2377,139.0,1,1156,131353501,138.5,138.0,137.5,137.0,136.5,97,87,79,184,23,139.0,139.5,140.0,140.5,141.0,38,65,131,75,118,139.5,140.5,138.5,139.5,153,126,2.0
20230309,2377,139.0,1,1157,131420882,138.5,138.0,137.5,137.0,136.5,96,87,79,184,23,139.0,139.5,140.0,140.5,141.0,45,65,125,75,117,139.5,140.5,138.5,139.5,153,126,2.0
20230309,2377,139.0,1,1158,131504477,138.5,138.0,137.5,137.0,136.5,94,85,79,184,23,139.0,139.5,140.0,140.5,141.0,44,65,125,75,117,139.5,140.5,138.5,139.5,153,126,2.0
20230309,2377,139.0,1,1159,131512863,138.5,138.0,137.5,137.0,136.5,96,86,79,184,23,139.0,139.5,140.0,140.5,141.0,43,65,125,75,117,139.5,140.5,138.5,139.5,153,126,2.0
20230309,2377,139.0,1,1160,131540913,138.5,138.0,137.5,137.0,136.5,95,87,77,184,23,139.0,139.5,140.0,140.5,141.0,43,66,123,75,117,139.5,140.5,138.5,139.5,153,126,2.0
20230309,2377,139.0,1,1161,131559087,138.5,138.0,137.5,137.0,136.5,96,87,77,184,23,139.0,139.5,140.0,140.5,141.0,43,66,122,75,117,139.5,140.5,138.5,139.5,153,126,2.0
20230309,2377,139.0,1,1162,131607723,138.5,138.0,137.5,137.0,136.5,95,87,77,184,23,139.0,139.5,140.0,140.5,141.0,42,65,121,76,116,139.5,140.5,138.5,139.5,153,126,2.0
20230309,2377,139.0,1,1163,131639930,138.5,138.0,137.5,137.0,136.5,94,87,77,184,23,139.0,139.5,140.0,140.5,141.0,43,63,121,76,116,139.5,140.5,138.5,139.5,153,126,2.0
20230309,2377,139.0,1,1164,131654638,138.5,138.0,137.5,137.0,136.5,94,87,77,184,23,139.0,139.5,140.0,140.5,141.0,42,63,121,76,116,139.5,140.5,138.5,139.5,153,126,2.0
20230309,2377,139.0,1,1165,131655265,138.5,138.0,137.5,137.0,136.5,93,87,77,184,23,139.0,139.5,140.0,140.5,141.0,44,63,120,76,116,139.5,140.5,138.5,139.5,153,126,2.0
20230309,2377,139.0,1,1166,131655768,138.5,138.0,137.5,137.0,136.5,93,87,77,184,23,139.0,139.5,140.0,140.5,141.0,43,63,120,76,116,139.5,140.5,138.5,139.5,153,126,2.0
20230309,2377,139.0,1,1167,131701688,138.5,138.0,137.5,137.0,136.5,93,87,77,184,23,139.0,139.5,140.0,140.5,141.0,42,63,119,76,116,139.5,140.5,138.5,139.5,153,126,2.0
20230309,2377,139.0,1,1168,131732426,138.5,138.0,137.5,137.0,136.5,93,87,77,184,23,139.0,139.5,140.0,140.5,141.0,42,63,117,76,116,139.5,140.5,138.5,139.5,153,126,0.0
20230309,2377,138.5,1,1169,131733330,138.5,138.0,137.5,137.0,136.5,92,87,77,184,23,139.0,139.5,140.0,140.5,141.0,42,63,117,76,116,139.5,140.5,138.5,139.5,153,126,1.0
20230309,2377,139.0,1,1170,131747204,138.5,138.0,137.5,137.0,136.5,91,87,77,184,23,139.0,139.5,140.0,140.5,141.0,41,63,117,76,116,139.5,140.5,138.5,139.5,153,126,2.0
20230309,2377,139.0,1,1171,131749263,138.5,138.0,137.5,137.0,136.5,91,87,77,184,23,139.0,139.5,140.0,140.5,141.0,40,63,117,76,116,139.5,140.5,138.5,139.5,153,126,0.0
20230309,2377,138.5,1,1172,131750670,138.5,138.0,137.5,137.0,136.5,90,89,77,184,23,139.0,139.5,140.0,140.5,141.0,40,61,117,76,116,139.5,140.5,138.5,139.5,153,126,1.0
20230309,2377,139.0,1,1173,131820870,138.5,138.0,137.5,137.0,136.5,94,89,77,184,23,139.0,139.5,140.0,140.5,141.0,40,59,117,76,116,139.5,140.5,138.5,139.5,153,126,0.0
20230309,2377,138.5,1,1174,131847481,138.5,138.0,137.5,137.0,136.5,93,89,77,184,23,139.0,139.5,140.0,140.5,141.0,40,58,117,76,116,139.5,140.5,138.5,139.5,153,126,1.0
20230309,2377,139.0,1,1175,131848636,138.5,138.0,137.5,137.0,136.5,93,89,77,184,23,139.0,139.5,140.0,140.5,141.0,39,58,117,76,116,139.5,140.5,138.5,139.5,153,126,2.0
20230309,2377,139.0,1,1176,131850890,138.5,138.0,137.5,137.0,136.5,89,89,77,184,23,139.0,139.5,140.0,140.5,141.0,38,58,117,76,116,139.5,140.5,138.5,139.5,153,126,2.0
20230309,2377,139.0,9,1185,131851221,138.5,138.0,137.5,137.0,136.5,89,89,77,184,23,139.0,139.5,140.0,140.5,141.0,29,58,117,76,116,139.5,140.5,138.5,139.5,153,126,2.0
20230309,2377,139.0,4,1189,131851246,138.5,138.0,137.5,137.0,136.5,91,89,77,184,23,139.0,139.5,140.0,140.5,141.0,19,60,119,76,116,139.5,140.5,138.5,139.5,153,126,2.0
20230309,2377,139.0,1,1190,131911188,138.5,138.0,137.5,137.0,136.5,90,89,73,184,23,139.0,139.5,140.0,140.5,141.0,18,60,119,76,116,139.5,140.5,138.5,139.5,153,126,2.0
20230309,2377,139.0,1,1191,131917736,138.5,138.0,137.5,137.0,136.5,91,89,73,184,23,139.0,139.5,140.0,140.5,141.0,17,60,120,75,116,139.5,140.5,138.5,139.5,153,126,2.0
20230309,2377,139.0,2,1193,131938113,138.5,138.0,137.5,137.0,136.5,91,89,73,184,23,139.0,139.5,140.0,140.5,141.0,17,60,118,75,116,139.5,140.5,138.5,139.5,153,126,2.0
20230309,2377,139.0,1,1194,131940918,138.5,138.0,137.5,137.0,136.5,91,89,73,184,23,139.0,139.5,140.0,140.5,141.0,17,60,118,75,116,139.5,140.5,138.5,139.5,153,126,2.0
20230309,2377,139.0,1,1195,132002236,138.5,138.0,137.5,137.0,136.5,90,89,73,184,23,139.0,139.5,140.0,140.5,141.0,16,59,118,75,116,139.5,140.5,138.5,139.5,153,126,2.0
20230309,2377,139.0,1,1196,132023067,138.5,138.0,137.5,137.0,136.5,88,89,73,184,23,139.0,139.5,140.0,140.5,141.0,15,59,118,75,116,139.5,140.5,138.5,139.5,153,126,2.0
20230309,2377,139.0,1,1197,132026548,138.5,138.0,137.5,137.0,136.5,88,89,73,184,23,139.0,139.5,140.0,140.5,141.0,14,57,118,75,116,139.5,140.5,138.5,139.5,153,126,2.0
20230309,2377,139.0,1,1198,132043691,138.5,138.0,137.5,137.0,136.5,86,85,69,184,23,139.0,139.5,140.0,140.5,141.0,13,57,114,71,116,139.5,140.5,138.5,139.5,153,126,2.0
20230309,2377,139.0,2,1200,132057915,138.5,138.0,137.5,137.0,136.5,81,85,69,184,23,139.0,139.5,140.0,140.5,141.0,11,51,114,71,116,139.5,140.5,138.5,139.5,153,126,2.0
20230309,2377,139.0,1,1201,132101619,138.5,138.0,137.5,137.0,136.5,82,85,69,184,23,139.0,139.5,140.0,140.5,141.0,10,51,114,71,116,139.5,140.5,138.5,139.5,153,126,2.0
20230309,2377,139.0,1,1202,132109722,138.5,138.0,137.5,137.0,136.5,82,85,69,184,23,139.0,139.5,140.0,140.5,141.0,9,51,114,71,116,139.5,140.5,138.5,139.5,153,126,2.0
20230309,2377,139.0,2,1204,132109757,138.5,138.0,137.5,137.0,136.5,83,85,69,184,23,139.0,139.5,140.0,140.5,141.0,7,47,118,71,116,139.5,140.5,138.5,139.5,153,126,2.0
20230309,2377,139.0,1,1205,132110221,138.5,138.0,137.5,137.0,136.5,82,85,69,184,23,139.0,139.5,140.0,140.5,141.0,8,44,113,71,116,139.5,140.5,138.5,139.5,153,126,0.0
20230309,2377,138.5,10,1215,132133886,138.5,138.0,137.5,137.0,136.5,72,85,69,184,23,139.0,139.5,140.0,140.5,141.0,8,44,113,71,116,139.5,140.5,138.5,139.5,153,126,1.0
20230309,2377,139.0,2,1217,132134590,138.5,138.0,137.5,137.0,136.5,65,85,69,184,23,139.0,139.5,140.0,140.5,141.0,8,44,114,71,115,139.5,140.5,138.5,139.5,153,126,2.0
20230309,2377,139.0,6,1223,132148345,138.5,138.0,137.5,137.0,136.5,67,85,69,184,23,139.0,139.5,140.0,140.5,141.0,7,42,114,71,115,139.5,140.5,138.5,139.5,153,126,2.0
20230309,2377,139.0,1,1224,132206071,138.5,138.0,137.5,137.0,136.5,66,85,69,184,23,139.0,139.5,140.0,140.5,141.0,6,42,116,71,115,139.5,140.5,138.5,139.5,153,126,2.0
20230309,2377,139.0,1,1225,132207475,138.5,138.0,137.5,137.0,136.5,65,85,75,184,23,139.0,139.5,140.0,140.5,141.0,5,42,122,71,115,139.5,140.5,138.5,139.5,153,126,2.0
20230309,2377,139.0,1,1226,132220753,138.5,138.0,137.5,137.0,136.5,65,85,75,190,29,139.0,139.5,140.0,140.5,141.0,5,42,122,77,121,139.5,140.5,138.5,139.5,153,126,2.0
20230309,2377,139.0,1,1227,132246993,138.5,138.0,137.5,137.0,136.5,62,85,75,190,29,139.0,139.5,140.0,140.5,141.0,6,42,122,77,121,139.5,140.5,138.5,139.5,153,126,2.0
20230309,2377,139.0,1,1228,132301987,138.5,138.0,137.5,137.0,136.5,61,85,75,190,29,139.0,139.5,140.0,140.5,141.0,5,42,122,77,121,139.5,140.5,138.5,139.5,153,126,2.0
20230309,2377,139.0,1,1229,132306074,138.5,138.0,137.5,137.0,136.5,55,85,75,190,29,139.0,139.5,140.0,140.5,141.0,6,44,118,77,121,139.5,140.5,138.5,139.5,153,126,2.0
20230309,2377,139.0,1,1230,132328739,138.5,138.0,137.5,137.0,136.5,52,85,75,190,29,139.0,139.5,140.0,140.5,141.0,5,44,118,77,121,139.5,140.5,138.5,139.5,153,126,2.0
20230309,2377,139.0,1,1231,132340987,138.5,138.0,137.5,137.0,136.5,52,85,75,190,29,139.0,139.5,140.0,140.5,141.0,4,44,118,77,121,139.5,140.5,138.5,139.5,153,126,2.0
20230309,2377,139.0,2,1233,132342515,138.5,138.0,137.5,137.0,136.5,46,83,71,187,23,139.0,139.5,140.0,140.5,141.0,3,43,118,76,121,139.5,140.5,138.5,139.5,153,126,2.0
20230309,2377,139.0,1,1234,132400559,138.5,138.0,137.5,137.0,136.5,45,83,71,187,23,139.0,139.5,140.0,140.5,141.0,2,43,118,76,121,139.5,140.5,138.5,139.5,153,126,2.0
20230309,2377,139.0,2,1236,132400665,138.5,138.0,137.5,137.0,136.5,45,83,71,185,23,139.0,139.5,140.0,140.5,141.0,5,43,118,76,119,139.5,140.5,138.5,139.5,153,126,2.0
20230309,2377,139.0,1,1237,132401062,138.5,138.0,137.5,137.0,136.5,51,83,71,187,23,139.0,139.5,140.0,140.5,141.0,10,40,118,76,121,139.5,140.5,138.5,139.5,153,126,0.0
20230309,2377,138.5,1,1238,132411116,138.5,138.0,137.5,137.0,136.5,45,83,55,187,23,139.0,139.5,140.0,140.5,141.0,8,40,118,70,121,139.5,140.5,138.5,139.5,153,126,1.0
20230309,2377,139.0,1,1239,132425046,138.5,138.0,137.5,137.0,136.5,44,81,55,187,23,139.0,139.5,140.0,140.5,141.0,7,40,118,69,121,139.5,140.5,138.5,139.5,153,126,2.0
20230309,2377,139.0,1,1240,132427074,138.5,138.0,137.5,137.0,136.5,44,81,55,187,23,139.0,139.5,140.0,140.5,141.0,6,40,118,69,121,139.5,140.5,138.5,139.5,153,126,0.0
20230309,2377,138.5,1,1241,132427110,138.5,138.0,137.5,137.0,136.5,41,81,55,187,23,139.0,139.5,140.0,140.5,141.0,5,40,118,69,121,139.5,140.5,138.5,139.5,153,126,1.0
20230309,2377,139.0,1,1242,132435098,138.5,138.0,137.5,137.0,136.5,42,81,55,187,23,139.0,139.5,140.0,140.5,141.0,5,40,118,70,121,139.5,140.5,138.5,139.5,153,126,0.0
20230309,2377,138.5,1,1243,132436981,138.5,138.0,137.5,137.0,136.5,41,81,55,187,23,139.0,139.5,140.0,140.5,141.0,4,38,118,70,121,139.5,140.5,138.5,139.5,153,126,2.0
20230309,2377,138.5,1,1244,132446208,138.5,138.0,137.5,137.0,136.5,40,81,55,187,23,139.0,139.5,140.0,140.5,141.0,4,38,118,69,121,139.5,140.5,138.5,139.5,153,126,1.0
20230309,2377,139.0,1,1245,132447057,138.5,138.0,137.5,137.0,136.5,41,81,55,144,23,139.0,139.5,140.0,140.5,141.0,4,38,118,70,121,139.5,140.5,138.5,139.5,153,126,2.0
